Clean data CS105 Winter'26 Mini-Project Survey (Responses) Timestamp,"What class are you filling out this survey for? Check all that apply. If none of the listed options apply, select ""Other"" and enter your class name (for example, CS105).",What is your current class standing?,Are you a transfer student?,"What is your major/minor? (If your major is not listed, please write it in ""Other.."")",What is your current cumulative GPA?,What is your age? Answer with a number only.,What is your ethnicity?,What gender do you identify as?,Select ALL that you identify with:,"How many hours of sleep on average do you get? Select a answer for each of the following situations:
 [During finals week:]","Over the past 2 weeks, how often have you felt mentally overwhelmed or stressed
1. Never
2. Almost Never
3. Sometimes
4. Somewhat frequently
5. E5day",Please indicate how much you agree with the following statements regarding the current job market in your major.  (Each row should have one answer) [I feel optimistic about my career prospects in this field],"Scale: 1 very poorly, 2 poorly, 3 neutral, 4 well,5 very well  How 4 are you able to concentrate during each of the following:
 [In-person lectures]","Scale: 1 very poorly, 2 poorly, 3 neutral, 4 well,5 very well How 4 are you able to concentrate during each of the following:
 [In-person discussions]","Scale: 1 very poorly, 2 poorly, 3 neutral, 4 well,5 very well  How 4 are you able to concentrate during each of the following:
 [Online lectures or discussions]","Scale: 1 very poorly, 2 poorly, 3 neutral, 4 well,5 very well  How 4 are you able to concentrate during each of the following:
 [Small study group sessions]","Scale: 1 very poorly, 2 poorly, 3 neutral, 4 well,5 very well  How 4 are you able to concentrate during each of the following:
 [Exams]",How many coding languages would you say you’re proficient in?,What was the first programming language you learned?,"Think about your favorite course (4 units). Why was it your favorite course? Rank the following reasons.
 [Final project instead of exam]","Think about your favorite course (4 units). Why was it your favorite course? Rank the following reasons.
 [Easy exams]","Think about your favorite course (4 units). Why was it your favorite course? Rank the following reasons.
 [Friendly professor]","Think about your favorite course (4 units). Why was it your favorite course? Rank the following reasons.
 [Accessible office hours]","Think about your favorite course (4 units). Why was it your favorite course? Rank the following reasons.
 [Low workload]","Think about your favorite course (4 units). Why was it your favorite course? Rank the following reasons.
 [No required attendence]","Think about your favorite course (4 units). Why was it your favorite course? Rank the following reasons.
 [Interested in material]","Think about your favorite course (4 units). Why was it your favorite course? Rank the following reasons.
 [Prepares for future job]",What class(es) do you think prepared you most for the career field you want to pursue? CS courses,What class(es) do you think prepared you most for the career field you want to pursue? ENGINEERING,What class(es) do you think prepared you most for the career field you want to pursue? DS courses,What class(es) do you think prepared you most for the career field you want to pursue? Humanities,Think about your time at UCR. Which week during the quarter do you: [Start feeling burnout],Think about your time at UCR. Which week during the quarter do you: [Have sleep deprivation],Think about your time at UCR. Which week during the quarter do you: [Start feeling less confident in the material],Think about your time at UCR. Which week during the quarter do you: [Start feeling more confident in the material],Think about your time at UCR. Which week during the quarter do you: [Study the most],Think about your time at UCR. Which week during the quarter do you: [Enjoy the most],"Choose the resources that has been most helpful in your success in your favorite course. Choose all that apply.
","How confidently can you explain the following concepts to someone who hasn’t taken it? 
   FOR CS MAJORS/MINORS: Pointers, if/else statements, for/while loops
   FOR DS MAJORS/MINORS: numpy, pandas, matplotlib, hypothesis testing"
2/1/2026 22:54:54,CS105,Senior,Yes,CSBA major,3.0 – 3.33,25,White,Male,First Generation Student,4-5 hours,4,3 (3),4,4,2,2,4,2,C++/C,2 (5 small reason),2 (5 small reason),4 (Good reason),4 (Good reason),3 (Moderate reason),2 (5 small reason),5 (5 good reason),5 (5 good reason),CS111,,,,Week 5,Week 5,Week 4,Week 8,Week 8,Week 1,"Office hours, AI tools, Personal tutoring",3
2/1/2026 23:28:31,CS105,Senior,Yes,CS major,3.0 – 3.33,25,Hispanic or Latino,Female,First Generation Student,Less than 4,5,3 (3),4,3,1,5,4,2,C++/C,5 (5 good reason),4 (Good reason),4 (Good reason),3 (Moderate reason),5 (5 good reason),5 (5 good reason),5 (5 good reason),5 (5 good reason),"CS141, CS180, CS100",,,"ENGR180W, ENGR101",Week 7,Week 4,Week 6,Week 9,Week 9,Week 1,"Office hours, AI tools, Study groups, ULA services",8
2/1/2026 23:39:26,CS105,Senior,No,CS or DS minor,3.0 – 3.33,22,Hispanic or Latino,Male,First Generation Student,4-5 hours,5,Disagree (2),4,4,3,4,4,3,Python,5 (5 good reason),3 (Moderate reason),5 (5 good reason),1 (Not a good reason),2 (5 small reason),2 (5 small reason),5 (5 good reason),1 (Not a good reason),N/A,N/A,N/A,N/A,Week 4,Week 1,Week 4,Week 2,Week 9,Week 2,N/A,8
2/1/2026 23:44:50,CS111,Junior,Yes,CS major,3.67 – 4.0,21,Asian,Male,First Generation Student,4-5 hours,4,Disagree (2),3,3,2,3,3,2,C++/C,4 (Good reason),5 (5 good reason),4 (Good reason),2 (5 small reason),5 (5 good reason),2 (5 small reason),4 (Good reason),5 (5 good reason),CS100,,,,Week 7,Week 5,Week 5,Week 1,Week 8,Week 1,"AI tools, ULA services",8
2/2/2026 0:30:27,CS111,Senior,No,CS major,3.33 – 3.67,19,Asian,Female,Second Generation Student,8-9 hours,5,Agree (4),2,4,3,4,4,4,Java,4 (Good reason),2 (5 small reason),4 (Good reason),2 (5 small reason),4 (Good reason),4 (Good reason),5 (5 good reason),5 (5 good reason),"CS 100, CS 141, CS010C",,,,Week 7,Week 4,Week 3,Week 8,Week 5,Week 1,"Office hours, AI tools, Study groups, ULA services",10
2/2/2026 1:24:55,CS105,Junior,No,CS or DS minor,3.67 – 4.0,20,Asian,Female,First Generation Student,6-7 hours,3,Agree (4),4,4,2,5,5,1,Java,1 (Not a good reason),1 (Not a good reason),5 (5 good reason),5 (5 good reason),1 (Not a good reason),1 (Not a good reason),5 (5 good reason),5 (5 good reason),,,,POSC196A,Week 4,Week 6,Week 3,Week 2,Week 8,Week 1,"Office hours, AI tools",7
2/2/2026 2:21:45,CS105,Senior,No,CS major,3.0 – 3.33,21,Asian,Male,Second Generation Student,4-5 hours,4,Agree (4),2,2,3,4,5,3,Python,5 (5 good reason),2 (5 small reason),5 (5 good reason),1 (Not a good reason),2 (5 small reason),2 (5 small reason),5 (5 good reason),5 (5 good reason),"CS141, CS180",,,,Week 5,Week 8,Week 4,Week 2,Week 8,Week 1,"AI tools, Slack communication, Study groups",10
2/2/2026 4:54:15,CS105,Senior,No,CS major,3.67 – 4.0,20,"Asian, White",Male,Other,4-5 hours,2,3 (3),3,4,2,1,4,4,,3 (Moderate reason),3 (Moderate reason),4 (Good reason),2 (5 small reason),4 (Good reason),1 (Not a good reason),5 (5 good reason),5 (5 good reason),"CS173, CS171",,,,N/A,N/A,N/A,N/A,N/A,N/A,N/A,1
2/2/2026 9:38:29,CS105,Junior,Yes,Data Science major,Prefer not to say,26,Hispanic or Latino,Male,First Generation Student,Less than 4,3,Disagree (2),4,4,1,3,2,0,C++/C,4 (Good reason),5 (5 good reason),4 (Good reason),4 (Good reason),2 (5 small reason),1 (Not a good reason),4 (Good reason),5 (5 good reason),N/A,N/A,N/A,N/A,Week 5,Week 5,Week 6,Week 8,Week 4,Week 1,"Office hours, AI tools",7
2/2/2026 9:52:37,CS105,Senior,No,CS major,3.33 – 3.67,21,Prefer not to say,Female,First Generation Student,6-7 hours,4,Disagree (2),3,3,2,4,4,1,C++/C,4 (Good reason),4 (Good reason),4 (Good reason),2 (5 small reason),5 (5 good reason),5 (5 good reason),4 (Good reason),3 (Moderate reason),N/A,N/A,N/A,N/A,Week 6,Week 8,Week 3,Week 7,Week 9,Week 1,Study groups,9
2/2/2026 10:17:20,CS105,Senior,No,CS major,3.67 – 4.0,20,Asian,Male,Other,8+ hours,3,3 (3),4,4,4,3,5,2,Java,1 (Not a good reason),1 (Not a good reason),1 (Not a good reason),1 (Not a good reason),5 (5 good reason),1 (Not a good reason),5 (5 good reason),3 (Moderate reason),N/A,N/A,N/A,N/A,N/A,N/A,N/A,N/A,N/A,N/A,N/A,8
2/2/2026 10:39:54,CS105,Senior,No,Econ,3.33 – 3.67,22,Asian,Female,First Generation Student,6-7 hours,5,3 (3),5,5,3,3,5,1,C++/C,4 (Good reason),4 (Good reason),4 (Good reason),4 (Good reason),4 (Good reason),3 (Moderate reason),4 (Good reason),5 (5 good reason),,,,"ECON105B, ECON106, ECON107, ECON108, ECON109, ECON136",Week 5,Week 1,Week 4,Week 2,Week 5,Week 1,Office hours,5
2/2/2026 11:42:33,CS105,Senior,No,CS major,3.67 – 4.0,21,Asian,Female,Second Generation Student,4-5 hours,4,Disagree (2),4,4,4,4,4,2,C++/C,3 (Moderate reason),5 (5 good reason),5 (5 good reason),2 (5 small reason),5 (5 good reason),4 (Good reason),5 (5 good reason),5 (5 good reason),"CS100, CS141",,,,Week 5,Week 5,Week 4,Week 5,Week 5,Week 1,"Office hours, Slack communication, Study groups",7
2/2/2026 12:12:48,CS105,Senior,No,CS major,3.33 – 3.67,22,Asian,Female,Other,6-7 hours,4,3 (3),2,3,5,3,3,4,C++/C,2 (5 small reason),5 (5 good reason),5 (5 good reason),2 (5 small reason),5 (5 good reason),5 (5 good reason),5 (5 good reason),5 (5 good reason),N/A,N/A,N/A,N/A,Week 5,Week 7,Week 5,Week 8,Week 9,Week 9,"AI tools, Study groups",8
2/2/2026 12:16:00,CS105,Senior,No,CS major,2.67 – 3.0,22,"White, Hispanic or Latino",Female,Second Generation Student,8-9 hours,3,Strongly Disagree (1),3,4,1,4,4,2,Python,2 (5 small reason),5 (5 good reason),5 (5 good reason),1 (Not a good reason),5 (5 good reason),5 (5 good reason),5 (5 good reason),4 (Good reason),"CS105, CS166",,,,Week 7,Week 1,Week 8,Week 1,Week 9,Week 1,"AI tools, Slack communication, Study groups",9
2/2/2026 12:18:31,CS111,Junior,Yes,CEN or EE major,3.67 – 4.0,22,White,Male,Second Generation Student,6-7 hours,3,3 (3),4,3,2,5,5,7,Scratch,1 (Not a good reason),1 (Not a good reason),3 (Moderate reason),1 (Not a good reason),3 (Moderate reason),2 (5 small reason),5 (5 good reason),1 (Not a good reason),N/A,N/A,N/A,N/A,Week 6,Week 6,Week 5,Week 8,Week 9,Week 4,"Slack communication, Study groups",10
2/2/2026 12:29:39,CS105,Junior,Yes,Data Science major,2.33 – 2.67,22,"Asian, Hispanic or Latino",Male,Other,4-5 hours,1,Strongly Agree (5),5,5,1,4,4,4,C++/C,2 (5 small reason),3 (Moderate reason),5 (5 good reason),5 (5 good reason),4 (Good reason),2 (5 small reason),5 (5 good reason),5 (5 good reason),,,STAT010,,Week 9,Week 5,Week 5,Week 9,Week 9,Week 9,"AI tools, Study groups",10
2/2/2026 12:58:36,CS105,Sophomore,Yes,Data Science major,3.33 – 3.67,21,Asian,Male,International Student,8-9 hours,2,3 (3),3,3,3,3,4,1,C++/C,5 (5 good reason),5 (5 good reason),5 (5 good reason),5 (5 good reason),5 (5 good reason),5 (5 good reason),5 (5 good reason),5 (5 good reason),CS111,,STAT107,BUS104,Week 5,Week 2,Week 3,Week 6,Week 9,Week 1,"Office hours, AI tools",4
2/2/2026 13:39:51,CS111,Junior,No,CEN or EE major,3.67 – 4.0,19,Asian,Female,First Generation Student,Less than 4,5,Strongly Disagree (1),3,2,1,4,4,3,Python,1 (Not a good reason),5 (5 good reason),5 (5 good reason),5 (5 good reason),5 (5 good reason),3 (Moderate reason),5 (5 good reason),2 (5 small reason),CS165,,,,Week 5,Week 2,Week 4,N/A,Week 7,Week 1,"AI tools, Slack communication, Study groups",10
2/2/2026 13:42:24,CS105,Senior,No,CS major,3.67 – 4.0,20,Asian,Female,Second Generation Student,6-7 hours,3,Agree (4),4,4,2,5,5,2,C++/C,4 (Good reason),4 (Good reason),5 (5 good reason),4 (Good reason),4 (Good reason),4 (Good reason),4 (Good reason),5 (5 good reason),"CS105, CS100, CS010C",,,,Week 6,Week 6,Week 8,Week 2,Week 8,Week 9,"Office hours, AI tools, Study groups, Personal tutoring",10
2/2/2026 13:46:56,CS105,Senior,No,CS major,3.0 – 3.33,21,Hispanic or Latino,Female,First Generation Student,6-7 hours,3,Agree (4),3,3,3,4,4,3,Javascript,3 (Moderate reason),3 (Moderate reason),4 (Good reason),3 (Moderate reason),3 (Moderate reason),2 (5 small reason),4 (Good reason),4 (Good reason),CS141,,,,Week 3,Week 9,Week 5,Week 2,Week 9,Week 5,"Office hours, AI tools, ULA services",6
2/2/2026 14:00:18,CS111,Junior,No,CEN or EE major,2.33 – 2.67,22,Pakistani,Male,First Generation Student,4-5 hours,3,3 (3),3,3,3,3,3,1,C++/C,3 (Moderate reason),3 (Moderate reason),3 (Moderate reason),3 (Moderate reason),3 (Moderate reason),3 (Moderate reason),3 (Moderate reason),3 (Moderate reason),CS010C,,,,Week 4,Week 4,Week 4,Week 4,Week 8,Week 1,AI tools,9
2/2/2026 14:06:37,CS111,Junior,No,CSBA major,3.0 – 3.33,20,Asian,Male,Second Generation Student,4-5 hours,3,Agree (4),2,2,3,2,3,1,Python,3 (Moderate reason),3 (Moderate reason),4 (Good reason),4 (Good reason),2 (5 small reason),5 (5 good reason),4 (Good reason),4 (Good reason),,,,ENGR101,Week 5,Week 6,Week 7,Week 4,Week 6,Week 5,"Office hours, AI tools, Slack communication, Study groups",4
2/2/2026 14:57:25,CS111,Junior,No,CS or DS minor,2.67 – 3.0,21,Asian,Male,International Student,6-7 hours,3,Strongly Disagree (1),4,3,1,1,5,1,C++/C,1 (Not a good reason),2 (5 small reason),4 (Good reason),1 (Not a good reason),2 (5 small reason),1 (Not a good reason),4 (Good reason),5 (5 good reason),"CS010C, CS122A, CS179J","EE128, EE147",,,Week 5,Week 3,Week 7,Week 7,Week 7,Week 1,AI tools,9
2/2/2026 15:19:27,CS105,Senior,No,CS major,3.67 – 4.0,21,Prefer not to say,Female,Other,4-5 hours,4,Strongly Disagree (1),5,4,3,4,4,2,Javascript,3 (Moderate reason),4 (Good reason),5 (5 good reason),1 (Not a good reason),4 (Good reason),1 (Not a good reason),3 (Moderate reason),2 (5 small reason),"CS100, CS141",,,,Week 6,Week 5,Week 6,Week 1,Week 8,Week 1,N/A,8
2/2/2026 16:11:16,CS105,Senior,No,CS or DS minor,3.33 – 3.67,22,"White, Prefer not to say",Prefer not to say,Other,Less than 4,2,Disagree (2),2,2,2,2,2,85,Java,1 (Not a good reason),1 (Not a good reason),1 (Not a good reason),1 (Not a good reason),1 (Not a good reason),1 (Not a good reason),1 (Not a good reason),1 (Not a good reason),N/A,N/A,N/A,N/A,Week 5,Week 4,Week 3,Week 1,Week 2,Week 7,AI tools,5
2/2/2026 16:20:44,CS111,Junior,No,CS major,3.0 – 3.33,20,"Asian, White",Male,First Generation Student,Less than 4,5,Strongly Disagree (1),2,4,1,5,5,3,C++/C,1 (Not a good reason),5 (5 good reason),5 (5 good reason),1 (Not a good reason),5 (5 good reason),5 (5 good reason),5 (5 good reason),1 (Not a good reason),N/A,N/A,N/A,N/A,Week 6,Week 4,Week 3,Week 5,Week 2,Week 9,Study groups,10
2/2/2026 16:21:56,CS105,Senior,No,CS major,3.33 – 3.67,21,Hispanic or Latino,Male,First Generation Student,4-5 hours,3,Disagree (2),4,4,2,4,4,2,C++/C,1 (Not a good reason),4 (Good reason),4 (Good reason),2 (5 small reason),4 (Good reason),3 (Moderate reason),5 (5 good reason),5 (5 good reason),CS100,,,,Week 4,Week 4,Week 4,Week 7,Week 9,Week 1,"AI tools, Study groups",10
2/2/2026 16:31:05,CS111,Junior,No,CS major,2.67 – 3.0,21,"Asian, White",Female,First Generation Student,Less than 4,5,3 (3),1,4,4,5,3,2,Java,5 (5 good reason),5 (5 good reason),5 (5 good reason),5 (5 good reason),3 (Moderate reason),5 (5 good reason),5 (5 good reason),5 (5 good reason),"CS10C, CS100",,,,Week 8,Week 4,Week 6,Week 3,Week 7,Week 1,"Office hours, Study groups, ULA services",7
2/2/2026 16:36:16,CS111,Sophomore,No,CS major,3.67 – 4.0,19,Asian,Male,Other,8-9 hours,4,Agree (4),3,3,2,5,5,7,HTML & CSS,5 (5 good reason),5 (5 good reason),5 (5 good reason),5 (5 good reason),5 (5 good reason),2 (5 small reason),5 (5 good reason),5 (5 good reason),"CS100, CS010C, CS111",,,,Week 4,Week 7,Week 5,Week 8,Week 5,Week 1,"Study groups, ULA services",8
2/2/2026 16:41:09,CS111,Junior,Yes,CS major,3.67 – 4.0,22,White,Male,Other,6-7 hours,4,Strongly Disagree (1),4,3,5,5,5,4,Javascript,3 (Moderate reason),5 (5 good reason),5 (5 good reason),4 (Good reason),4 (Good reason),1 (Not a good reason),5 (5 good reason),5 (5 good reason),CS100,,,,Week 9,Week 3,Week 2,Week 5,Week 9,Week 5,"AI tools, ULA services",10
2/2/2026 16:43:09,CS111,Senior,No,CEN or EE major,3.33 – 3.67,22,"White, Black",Male,"First Generation Student, International Student",Less than 4,2,3 (3),2,3,1,2,5,3,Javascript,2 (5 small reason),3 (Moderate reason),3 (Moderate reason),4 (Good reason),2 (5 small reason),3 (Moderate reason),4 (Good reason),3 (Moderate reason),N/A,N/A,N/A,N/A,Week 3,Week 6,Week 7,Week 9,Week 4,Week 9,"Office hours, Slack communication",5
2/2/2026 16:45:15,CS111,Junior,No,Mechanical Engineering,3.67 – 4.0,21,Asian,Male,Other,4-5 hours,4,Strongly Disagree (1),4,3,1,1,5,1,Java,1 (Not a good reason),4 (Good reason),4 (Good reason),1 (Not a good reason),4 (Good reason),2 (5 small reason),4 (Good reason),2 (5 small reason),CS100,"ME116A, ME100A, ME103, ME113",,,Week 6,Week 7,Week 3,N/A,Week 9,Week 1,"Office hours, AI tools, Slack communication, Study groups",9
2/2/2026 16:47:29,CS111,Junior,No,CS major,3.0 – 3.33,20,Hispanic or Latino,Male,First Generation Student,6-7 hours,5,3 (3),4,4,3,5,3,1,C++/C,3 (Moderate reason),5 (5 good reason),5 (5 good reason),5 (5 good reason),5 (5 good reason),4 (Good reason),5 (5 good reason),5 (5 good reason),"CS010C, CS100",,,,Week 7,Week 7,Week 5,Week 9,Week 9,Week 1,"Office hours, AI tools, Study groups, ULA services",6
2/2/2026 16:48:39,CS111,Senior,Yes,Data Science major,3.33 – 3.67,22,Asian,Male,International Student,6-7 hours,4,Strongly Agree (5),4,4,4,4,4,2,Python,5 (5 good reason),5 (5 good reason),5 (5 good reason),5 (5 good reason),5 (5 good reason),5 (5 good reason),5 (5 good reason),5 (5 good reason),N/A,N/A,N/A,N/A,Week 9,Week 9,Week 9,Week 9,Week 9,Week 9,Office hours,10
2/2/2026 17:01:26,CS111,Sophomore,No,CS major,3.67 – 4.0,19,Hispanic or Latino,Male,Second Generation Student,8-9 hours,4,3 (3),4,4,3,5,3,1,HTML & CSS,1 (Not a good reason),1 (Not a good reason),5 (5 good reason),2 (5 small reason),5 (5 good reason),1 (Not a good reason),5 (5 good reason),4 (Good reason),"CS010C, CS100",,,,Week 7,Week 9,Week 6,Week 8,Week 9,Week 9,AI tools,10
2/2/2026 17:04:42,CS111,Sophomore,No,CSBA major,3.67 – 4.0,19,"Asian, White",Male,Other,6-7 hours,3,Disagree (2),3,4,3,4,4,2,Java,4 (Good reason),3 (Moderate reason),5 (5 good reason),2 (5 small reason),3 (Moderate reason),3 (Moderate reason),4 (Good reason),5 (5 good reason),"CS100, CS10C",,,,Week 7,N/A,Week 4,Week 8,Week 9,Week 1,Slack communication,10
2/2/2026 17:05:27,"CS105, CS111",Senior,Yes,CS major,3.33 – 3.67,23,Asian,Male,International Student,8-9 hours,4,Strongly Disagree (1),4,4,4,3,5,1,Java,5 (5 good reason),5 (5 good reason),5 (5 good reason),5 (5 good reason),5 (5 good reason),1 (Not a good reason),5 (5 good reason),5 (5 good reason),CS100,,,,Week 2,Week 2,Week 4,Week 1,Week 5,Week 9,"Office hours, AI tools, Study groups, Personal tutoring, ULA services",8
2/2/2026 17:10:15,CS111,Junior,No,CEN or EE major,3.0 – 3.33,20,Hispanic or Latino,Female,First Generation Student,Less than 4,5,3 (3),4,4,3,3,4,1,C++/C,3 (Moderate reason),3 (Moderate reason),3 (Moderate reason),3 (Moderate reason),3 (Moderate reason),1 (Not a good reason),3 (Moderate reason),3 (Moderate reason),"CS010A, CS010B, CS010C",,,ENGR101,Week 3,Week 4,Week 4,Week 7,Week 4,Week 1,"Office hours, AI tools, ULA services",8
2/2/2026 17:11:08,CS111,Junior,Yes,CS major,3.33 – 3.67,20,Asian,Male,Second Generation Student,8-9 hours,2,3 (3),4,4,2,4,5,3,Java,4 (Good reason),2 (5 small reason),4 (Good reason),4 (Good reason),2 (5 small reason),1 (Not a good reason),4 (Good reason),4 (Good reason),CS100,,,,Week 4,Week 9,Week 4,Week 9,Week 9,Week 2,"Office hours, AI tools, Slack communication",9
2/2/2026 17:25:33,CS111,Sophomore,No,CSBA major,Prefer not to say,19,Asian,Female,First Generation Student,6-7 hours,5,Disagree (2),4,4,2,3,4,1,C++/C,4 (Good reason),5 (5 good reason),5 (5 good reason),5 (5 good reason),5 (5 good reason),4 (Good reason),4 (Good reason),4 (Good reason),CS010C,,,"ECON101, ENGR101",Week 5,Week 5,Week 4,Week 8,Week 9,Week 1,"AI tools, Slack communication",9
2/2/2026 17:26:50,CS111,Sophomore,No,CS major,2.67 – 3.0,20,Asian,Male,"First Generation Student, Out-of-State Student",6-7 hours,3,Strongly Disagree (1),4,4,3,5,4,2,VB.NET,1 (Not a good reason),2 (5 small reason),5 (5 good reason),5 (5 good reason),3 (Moderate reason),2 (5 small reason),4 (Good reason),4 (Good reason),"CS111, CS010C",,,,Week 2,Week 2,Week 3,N/A,Week 9,Week 1,"AI tools, Slack communication, Personal tutoring, ULA services",8
2/2/2026 17:30:23,CS111,Junior,No,CSBA major,3.67 – 4.0,20,Prefer not to say,Prefer not to say,Other,8+ hours,5,Strongly Agree (5),5,5,5,5,5,230,Python,5 (5 good reason),5 (5 good reason),5 (5 good reason),5 (5 good reason),5 (5 good reason),5 (5 good reason),5 (5 good reason),5 (5 good reason),N/A,N/A,N/A,N/A,Week 9,Week 9,Week 9,Week 9,Week 9,Week 9,Office hours,10
2/2/2026 17:34:44,CS105,Junior,Yes,CS major,3.67 – 4.0,20,Asian,Male,First Generation Student,6-7 hours,4,3 (3),5,5,2,4,4,1,C++/C,3 (Moderate reason),5 (5 good reason),5 (5 good reason),5 (5 good reason),5 (5 good reason),2 (5 small reason),5 (5 good reason),4 (Good reason),CS 010C,,,,Week 7,Week 8,Week 2,Week 5,Week 7,Week 9,"Office hours, Study groups, Personal tutoring, ULA services",9
2/2/2026 17:45:49,CS111,Junior,Yes,CS major,3.67 – 4.0,25,Asian,Female,First Generation Student,4-5 hours,5,Strongly Disagree (1),4,4,4,3,4,1,C++/C,4 (Good reason),5 (5 good reason),5 (5 good reason),3 (Moderate reason),5 (5 good reason),2 (5 small reason),5 (5 good reason),5 (5 good reason),CS100,,,,Week 4,Week 4,Week 4,Week 2,Week 8,Week 1,"Office hours, ULA services",4
2/2/2026 17:51:46,CS111,Sophomore,No,CEN or EE major,3.33 – 3.67,19,Asian,Male,Second Generation Student,4-5 hours,4,Disagree (2),4,4,1,2,3,3,Python,3 (Moderate reason),3 (Moderate reason),4 (Good reason),3 (Moderate reason),4 (Good reason),4 (Good reason),3 (Moderate reason),4 (Good reason),"CS010C, CS010B, CS061",PHYS040C,,,Week 7,Week 3,Week 2,Week 9,Week 9,Week 1,"Office hours, AI tools, ULA services",7
2/2/2026 17:53:05,CS105,Sophomore,No,CEN or EE major,2.67 – 3.0,19,Asian,Female,Second Generation Student,4-5 hours,5,Strongly Disagree (1),3,4,3,4,4,2,Python,2 (5 small reason),3 (Moderate reason),5 (5 good reason),3 (Moderate reason),2 (5 small reason),3 (Moderate reason),5 (5 good reason),5 (5 good reason),CS010C,,,,Week 5,Week 5,Week 5,Week 2,Week 5,Week 1,"Office hours, Slack communication, Study groups, ULA services",9
2/2/2026 17:55:10,CS105,Sophomore,No,Data Science major,3.67 – 4.0,19,Asian,Male,Second Generation Student,8-9 hours,3,Disagree (2),3,3,3,3,4,1,Javascript,1 (Not a good reason),1 (Not a good reason),4 (Good reason),1 (Not a good reason),2 (5 small reason),1 (Not a good reason),2 (5 small reason),1 (Not a good reason),CS009A,,,,Week 4,Week 9,Week 4,Week 1,Week 3,Week 9,"AI tools, Personal tutoring",6
2/2/2026 18:08:20,CS111,Junior,No,CSBA major,3.67 – 4.0,19,Asian,Female,First Generation Student,Less than 4,5,Agree (4),4,4,4,4,4,3,Python,5 (5 good reason),5 (5 good reason),5 (5 good reason),5 (5 good reason),5 (5 good reason),2 (5 small reason),4 (Good reason),5 (5 good reason),CS100,,,,Week 4,Week 4,N/A,N/A,Week 9,Week 1,"Office hours, Slack communication, ULA services",8
2/2/2026 18:29:23,CS111,Sophomore,No,CS major,3.33 – 3.67,19,Asian,Male,First Generation Student,4-5 hours,3,3 (3),1,1,1,4,4,3,C++/C,4 (Good reason),5 (5 good reason),4 (Good reason),4 (Good reason),5 (5 good reason),5 (5 good reason),5 (5 good reason),5 (5 good reason),CS100,,,,Week 6,Week 9,Week 7,Week 9,Week 9,Week 1,ULA services,8
2/2/2026 18:33:30,CS111,Sophomore,No,CS major,3.67 – 4.0,19,"Asian, Southeast Asian",Male,First Generation Student,Less than 4,4,Agree (4),4,4,4,3,5,12,Javascript,4 (Good reason),4 (Good reason),2 (5 small reason),2 (5 small reason),2 (5 small reason),2 (5 small reason),4 (Good reason),4 (Good reason),CS100,,,,Week 6,Week 1,Week 9,Week 1,Week 6,Week 6,"Office hours, Slack communication",10
2/2/2026 18:35:46,CS105,Senior,No,CS major,3.67 – 4.0,20,Hispanic or Latino,Male,First Generation Student,6-7 hours,4,Agree (4),4,3,2,5,4,3,C++/C,4 (Good reason),5 (5 good reason),5 (5 good reason),3 (Moderate reason),4 (Good reason),5 (5 good reason),5 (5 good reason),5 (5 good reason),N/A,N/A,N/A,N/A,Week 5,Week 4,Week 4,Week 8,Week 9,Week 1,"AI tools, Study groups",8
2/2/2026 18:53:02,CS105,Senior,Yes,Data Science major,3.67 – 4.0,22,Asian,Male,Second Generation Student,4-5 hours,2,Strongly Agree (5),2,2,1,4,5,3,Java,4 (Good reason),4 (Good reason),5 (5 good reason),5 (5 good reason),3 (Moderate reason),1 (Not a good reason),3 (Moderate reason),5 (5 good reason),CS105,,,,Week 7,Week 9,Week 8,Week 8,Week 8,Week 1,"Office hours, AI tools",3
2/2/2026 18:57:12,CS105,Junior,Yes,CS or DS minor,2.67 – 3.0,23,Hispanic or Latino,Female,First Generation Student,4-5 hours,4,3 (3),5,5,5,5,4,3,C++/C,3 (Moderate reason),5 (5 good reason),5 (5 good reason),2 (5 small reason),4 (Good reason),1 (Not a good reason),4 (Good reason),5 (5 good reason),"CS100, CS105",,,,Week 6,Week 4,Week 2,Week 7,Week 9,Week 1,"Office hours, Study groups",10
2/2/2026 19:01:44,CS111,Junior,No,CSBA major,3.33 – 3.67,20,Asian,Male,First Generation Student,4-5 hours,4,Disagree (2),4,4,3,5,3,1,Python,4 (Good reason),5 (5 good reason),5 (5 good reason),3 (Moderate reason),5 (5 good reason),3 (Moderate reason),4 (Good reason),4 (Good reason),"CS100, CS10C",,,BUS103,Week 6,Week 8,Week 7,Week 1,Week 9,Week 4,"Office hours, AI tools, Study groups, ULA services",8
2/2/2026 19:19:17,CS111,Junior,No,CSBA major,3.33 – 3.67,20,Asian,Male,First Generation Student,4-5 hours,3,Strongly Disagree (1),4,4,1,4,3,1,Python,5 (5 good reason),5 (5 good reason),5 (5 good reason),1 (Not a good reason),5 (5 good reason),5 (5 good reason),5 (5 good reason),5 (5 good reason),CS 10C,,,,Week 5,Week 8,Week 4,Week 8,Week 9,Week 1,"Study groups, ULA services",5
2/2/2026 19:28:08,CS105,Senior,Yes,CS major,3.67 – 4.0,21,Asian,Female,First Generation Student,6-7 hours,3,3 (3),5,4,3,4,5,2,Java,1 (Not a good reason),2 (5 small reason),4 (Good reason),2 (5 small reason),2 (5 small reason),2 (5 small reason),5 (5 good reason),3 (Moderate reason),"CS141, CS179M",,,,Week 5,Week 5,Week 2,Week 9,Week 9,Week 2,"Office hours, AI tools",8
2/2/2026 19:28:31,CS111,Sophomore,No,CS major,3.67 – 4.0,19,Asian,Male,Second Generation Student,Less than 4,4,Disagree (2),2,4,2,5,5,3,C++/C,1 (Not a good reason),3 (Moderate reason),5 (5 good reason),3 (Moderate reason),3 (Moderate reason),5 (5 good reason),5 (5 good reason),5 (5 good reason),"CS141,CS010C",,,,Week 4,Week 3,Week 6,Week 7,Week 9,Week 1,"AI tools, Slack communication, Study groups",8
2/2/2026 19:38:07,CS111,Junior,No,CSBA major,3.67 – 4.0,20,Asian,Male,Second Generation Student,6-7 hours,4,Agree (4),4,3,1,4,5,1,C++/C,3 (Moderate reason),2 (5 small reason),5 (5 good reason),4 (Good reason),3 (Moderate reason),2 (5 small reason),5 (5 good reason),1 (Not a good reason),"CS10A, CS10B, or CS10C",,,,Week 5,Week 9,Week 4,Week 6,Week 6,Week 1,"Office hours, Study groups, ULA services",8
2/2/2026 19:40:51,CS111,Junior,No,CS major,3.67 – 4.0,19,Asian,Male,Other,4-5 hours,4,Agree (4),4,4,3,3,4,2,Python,5 (5 good reason),5 (5 good reason),4 (Good reason),4 (Good reason),5 (5 good reason),3 (Moderate reason),4 (Good reason),4 (Good reason),CS 100,,,,Week 5,Week 5,Week 5,Week 3,Week 3,Week 1,"AI tools, Slack communication, ULA services",8
2/2/2026 20:46:15,CS105,Senior,No,CS major,3.67 – 4.0,21,Asian,Male,First Generation Student,4-5 hours,3,Agree (4),3,4,2,4,4,5,Javascript,3 (Moderate reason),4 (Good reason),4 (Good reason),4 (Good reason),4 (Good reason),2 (5 small reason),3 (Moderate reason),4 (Good reason),"CS100, CS105, CS171",,,,Week 5,Week 5,Week 6,Week 2,Week 3,Week 1,"Office hours, AI tools, Slack communication, Study groups",8
2/2/2026 20:46:42,CS111,Junior,Yes,CS major,3.33 – 3.67,21,Asian,Female,International Student,4-5 hours,4,3 (3),5,3,4,4,5,1,C++/C,5 (5 good reason),5 (5 good reason),3 (Moderate reason),3 (Moderate reason),5 (5 good reason),5 (5 good reason),3 (Moderate reason),5 (5 good reason),CS110,,,,Week 5,Week 3,Week 2,Week 4,Week 5,Week 1,"Office hours, AI tools, Personal tutoring",7
2/2/2026 20:49:59,CS111,Sophomore,No,CS major,3.67 – 4.0,19,Asian,Male,International Student,4-5 hours,3,Agree (4),4,4,3,5,5,3,QBasic,1 (Not a good reason),1 (Not a good reason),1 (Not a good reason),1 (Not a good reason),1 (Not a good reason),1 (Not a good reason),5 (5 good reason),2 (5 small reason),CS010C,,,,Week 6,Week 5,Week 6,Week 7,Week 8,Week 2,"Office hours, AI tools, Study groups, ULA services",8
2/2/2026 21:19:19,CS111,Sophomore,No,CSBA major,3.0 – 3.33,19,American Indian or Alaskan Native,Male,Other,4-5 hours,3,3 (3),3,3,3,3,3,2,Python,4 (Good reason),4 (Good reason),4 (Good reason),4 (Good reason),4 (Good reason),4 (Good reason),4 (Good reason),4 (Good reason),CS 061,,,,Week 4,Week 4,Week 5,Week 5,Week 5,Week 5,"Office hours, Slack communication, Study groups, Personal tutoring, ULA services",9
2/2/2026 21:49:40,CS105,Senior,No,CS major,2.33 – 2.67,21,Black,Male,Other,Less than 4,1,Disagree (2),2,2,3,4,4,4,Java,5 (5 good reason),5 (5 good reason),3 (Moderate reason),1 (Not a good reason),4 (Good reason),4 (Good reason),4 (Good reason),5 (5 good reason),"CS10B, CS10C, CS169",,,,Week 4,Week 3,Week 4,Week 2,Week 4,Week 1,"AI tools, Study groups",10
2/2/2026 23:27:53,CS111,Senior,Yes,CEN or EE major,3.33 – 3.67,28,Asian,Male,Second Generation Student,Less than 4,1,Strongly Disagree (1),4,4,4,4,4,1,C++/C,1 (Not a good reason),5 (5 good reason),5 (5 good reason),5 (5 good reason),5 (5 good reason),5 (5 good reason),5 (5 good reason),5 (5 good reason),N/A,N/A,N/A,N/A,Week 9,Week 9,Week 9,Week 1,Week 1,Week 1,"Office hours, AI tools",5
2/2/2026 23:31:16,CS111,Junior,Yes,CS major,3.67 – 4.0,20,White,Male,Second Generation Student,4-5 hours,5,Agree (4),4,5,3,5,4,3,Javascript,3 (Moderate reason),5 (5 good reason),5 (5 good reason),5 (5 good reason),4 (Good reason),3 (Moderate reason),5 (5 good reason),5 (5 good reason),CS100,,,,Week 5,Week 5,Week 2,Week 6,Week 8,Week 1,"Office hours, Study groups",10
2/2/2026 23:44:58,CS111,Senior,No,CEN or EE major,3.33 – 3.67,21,Asian,Male,Second Generation Student,6-7 hours,3,Strongly Disagree (1),4,3,3,3,5,4,C++/C,5 (5 good reason),5 (5 good reason),5 (5 good reason),5 (5 good reason),5 (5 good reason),5 (5 good reason),5 (5 good reason),5 (5 good reason),CS010C,,,,Week 9,Week 9,Week 9,Week 8,Week 9,Week 1,"AI tools, Slack communication, Study groups",7
2/2/2026 23:48:36,CS111,Junior,No,CS major,3.33 – 3.67,21,Asian,Male,First Generation Student,6-7 hours,3,Strongly Disagree (1),3,3,3,3,3,2,Python,3 (Moderate reason),3 (Moderate reason),3 (Moderate reason),3 (Moderate reason),3 (Moderate reason),3 (Moderate reason),3 (Moderate reason),3 (Moderate reason),"CS010C, CS141",,,,Week 5,Week 5,Week 5,Week 5,Week 5,Week 5,"AI tools, ULA services",10
2/2/2026 23:55:31,CS111,Junior,No,CS major,3.67 – 4.0,19,Asian,Female,First Generation Student,4-5 hours,5,Strongly Disagree (1),3,2,3,1,3,1,C++/C,1 (Not a good reason),5 (5 good reason),5 (5 good reason),5 (5 good reason),2 (5 small reason),1 (Not a good reason),5 (5 good reason),5 (5 good reason),"CS010A, CS010B, CS010C, CS061",,,,Week 3,Week 3,Week 3,Week 1,Week 9,Week 1,"Office hours, AI tools, Personal tutoring",9
2/3/2026 0:04:35,CS105,Senior,No,CS major,3.67 – 4.0,20,Asian,Female,First Generation Student,4-5 hours,3,Disagree (2),3,3,2,4,4,1,C++/C,2 (5 small reason),3 (Moderate reason),3 (Moderate reason),4 (Good reason),4 (Good reason),3 (Moderate reason),4 (Good reason),2 (5 small reason),CS141,,,,Week 4,Week 2,Week 3,Week 7,Week 9,Week 1,Office hours,8
2/3/2026 0:09:11,CS111,Junior,No,CS major,3.0 – 3.33,19,"Asian, White",Male,Other,8-9 hours,4,3 (3),4,4,4,4,4,3,Javascript,1 (Not a good reason),2 (5 small reason),5 (5 good reason),2 (5 small reason),4 (Good reason),3 (Moderate reason),4 (Good reason),3 (Moderate reason),CS010C,,,,Week 5,Week 9,Week 5,Week 9,Week 9,Week 1,Study groups,7
2/3/2026 0:17:30,CS111,Junior,No,Robotics Major,3.0 – 3.33,20,Asian,Male,Second Generation Student,8-9 hours,4,Strongly Agree (5),3,4,2,5,5,3,HTML & CSS,5 (5 good reason),4 (Good reason),5 (5 good reason),3 (Moderate reason),4 (Good reason),2 (5 small reason),4 (Good reason),5 (5 good reason),,EE106,,,Week 2,Week 3,Week 3,Week 8,Week 1,Week 1,"AI tools, Slack communication, Personal tutoring",9
2/3/2026 0:35:27,CS111,Junior,No,Data Science major,3.67 – 4.0,19,Asian,Female,Second Generation Student,4-5 hours,4,Strongly Disagree (1),3,2,1,4,3,1,Python,2 (5 small reason),4 (Good reason),5 (5 good reason),1 (Not a good reason),3 (Moderate reason),2 (5 small reason),5 (5 good reason),4 (Good reason),N/A,N/A,N/A,N/A,Week 9,Week 4,Week 5,Week 2,Week 9,Week 2,AI tools,4
2/3/2026 1:04:07,CS111,Sophomore,No,CEN or EE major,3.33 – 3.67,19,Asian,Male,Other,4-5 hours,5,Strongly Disagree (1),5,5,4,5,3,2,Python,1 (Not a good reason),1 (Not a good reason),5 (5 good reason),5 (5 good reason),1 (Not a good reason),1 (Not a good reason),5 (5 good reason),5 (5 good reason),CS009C,EE030A,,MATH045,Week 2,Week 2,Week 1,Week 7,Week 9,Week 1,"Office hours, AI tools, Slack communication",10
2/3/2026 1:12:38,CS111,Senior,Yes,CS or DS minor,3.67 – 4.0,24,Asian,Male,First Generation Student,4-5 hours,5,Disagree (2),3,3,1,4,4,2,C++/C,4 (Good reason),4 (Good reason),3 (Moderate reason),3 (Moderate reason),5 (5 good reason),1 (Not a good reason),4 (Good reason),5 (5 good reason),CS 100,,,,Week 3,Week 2,Week 1,Week 4,Week 7,Week 6,Office hours,10
2/3/2026 1:15:21,CS111,Junior,Yes,Data Science major,3.0 – 3.33,22,Hispanic or Latino,Male,First Generation Student,4-5 hours,4,Disagree (2),2,4,3,1,4,1,Python,3 (Moderate reason),4 (Good reason),4 (Good reason),1 (Not a good reason),3 (Moderate reason),5 (5 good reason),5 (5 good reason),5 (5 good reason),CS105,,STAT156A,,Week 5,Week 2,Week 2,Week 1,Week 9,Week 1,"AI tools, ULA services",7
2/3/2026 2:59:40,CS111,Sophomore,No,CS major,3.67 – 4.0,19,Asian,Male,First Generation Student,4-5 hours,2,Agree (4),5,5,5,4,3,8,C++/C,1 (Not a good reason),3 (Moderate reason),4 (Good reason),3 (Moderate reason),3 (Moderate reason),3 (Moderate reason),5 (5 good reason),5 (5 good reason),"CS010C, CS111",,,,Week 7,Week 9,Week 9,Week 5,Week 6,Week 9,"Office hours, AI tools, Slack communication",10
2/3/2026 3:31:16,CS111,Sophomore,No,CS major,3.0 – 3.33,19,Hispanic or Latino,Male,First Generation Student,4-5 hours,4,Strongly Agree (5),5,5,4,4,4,1,C++/C,1 (Not a good reason),3 (Moderate reason),5 (5 good reason),5 (5 good reason),1 (Not a good reason),1 (Not a good reason),5 (5 good reason),5 (5 good reason),"CS010B, CS010C, CS100",,,,Week 8,Week 3,Week 3,Week 4,Week 5,Week 9,"Office hours, AI tools, Slack communication, Personal tutoring, ULA services",10
2/3/2026 4:11:43,"CS105, CS111",Junior,Yes,CS major,3.67 – 4.0,19,"Asian, White",Male,Other,4-5 hours,5,Disagree (2),5,3,4,3,2,4,Javascript,1 (Not a good reason),3 (Moderate reason),5 (5 good reason),3 (Moderate reason),3 (Moderate reason),1 (Not a good reason),5 (5 good reason),1 (Not a good reason),CS100,,,,Week 1,Week 5,Week 4,Week 4,Week 5,Week 4,"Office hours, Study groups",10
2/3/2026 8:01:21,CS111,Junior,Yes,Data Science major,3.67 – 4.0,24,Hispanic or Latino,Male,Second Generation Student,8-9 hours,3,3 (3),4,4,1,3,5,4,Python,3 (Moderate reason),3 (Moderate reason),5 (5 good reason),5 (5 good reason),3 (Moderate reason),1 (Not a good reason),5 (5 good reason),3 (Moderate reason),N/A,N/A,N/A,N/A,N/A,N/A,Week 1,Week 1,Week 8,Week 9,"Office hours, AI tools",10
2/3/2026 8:58:00,CS111,Sophomore,No,CS major,3.33 – 3.67,19,Asian,Male,International Student,4-5 hours,4,Disagree (2),3,3,2,3,4,2,Python,4 (Good reason),4 (Good reason),4 (Good reason),3 (Moderate reason),3 (Moderate reason),3 (Moderate reason),4 (Good reason),4 (Good reason),"CS100, CS010C",,,,Week 7,Week 4,Week 4,Week 2,Week 9,Week 2,"AI tools, Slack communication, Study groups",8
2/3/2026 9:11:36,CS111,Junior,Yes,CS major,3.67 – 4.0,20,Asian,Female,Second Generation Student,4-5 hours,5,Disagree (2),4,4,3,2,3,1,C++/C,2 (5 small reason),2 (5 small reason),4 (Good reason),5 (5 good reason),3 (Moderate reason),1 (Not a good reason),5 (5 good reason),3 (Moderate reason),CS100,,,,Week 5,Week 4,Week 4,Week 6,Week 8,Week 1,"Office hours, AI tools, Slack communication, Personal tutoring, ULA services",8
2/3/2026 9:18:35,CS111,Junior,Yes,CS major,3.33 – 3.67,24,Asian,Male,Second Generation Student,4-5 hours,5,Disagree (2),2,4,3,2,5,1,Java,1 (Not a good reason),3 (Moderate reason),5 (5 good reason),1 (Not a good reason),1 (Not a good reason),4 (Good reason),4 (Good reason),4 (Good reason),CS100,,,,Week 5,Week 9,Week 4,Week 9,Week 7,Week 1,"Office hours, AI tools",8
2/3/2026 9:35:02,CS105,Senior,No,CS major,3.67 – 4.0,21,Asian,Male,Second Generation Student,4-5 hours,2,3 (3),3,3,2,4,5,2,HTML & CSS,3 (Moderate reason),5 (5 good reason),4 (Good reason),1 (Not a good reason),5 (5 good reason),5 (5 good reason),5 (5 good reason),5 (5 good reason),CS162,,,,Week 5,Week 7,Week 7,Week 2,Week 9,Week 1,"AI tools, Slack communication",9
2/3/2026 9:40:44,CS105,Senior,Yes,CSBA major,2.33 – 2.67,23,Asian,Female,Second Generation Student,6-7 hours,3,Strongly Agree (5),4,5,2,4,4,1,C++/C,2 (5 small reason),3 (Moderate reason),5 (5 good reason),5 (5 good reason),5 (5 good reason),2 (5 small reason),3 (Moderate reason),4 (Good reason),CS10C,,,,Week 7,Week 7,Week 7,Week 8,Week 9,Week 1,"Office hours, AI tools, Slack communication, ULA services",2
2/3/2026 9:49:20,CS111,Junior,No,CSBA major,3.67 – 4.0,19,Asian,Female,Other,4-5 hours,4,Disagree (2),4,4,3,4,4,1,Javascript,4 (Good reason),5 (5 good reason),3 (Moderate reason),3 (Moderate reason),4 (Good reason),1 (Not a good reason),1 (Not a good reason),2 (5 small reason),"CS010C, CS170",,,,Week 5,Week 6,Week 6,Week 2,Week 4,Week 1,"Office hours, AI tools, ULA services",10
2/3/2026 10:11:32,CS105,Senior,No,CS major,3.67 – 4.0,20,Asian,Trans-gender,Second Generation Student,8+ hours,2,3 (3),4,5,4,5,5,3,Python,2 (5 small reason),3 (Moderate reason),5 (5 good reason),2 (5 small reason),1 (Not a good reason),1 (Not a good reason),5 (5 good reason),2 (5 small reason),"CS166, CS100",,,ENGR001,Week 7,Week 1,Week 8,Week 4,Week 9,Week 1,Study groups,10
2/3/2026 10:14:36,CS111,Sophomore,No,CS major,3.67 – 4.0,19,Asian,Male,Other,8-9 hours,3,Disagree (2),3,4,2,4,5,3,HTML & CSS,1 (Not a good reason),1 (Not a good reason),5 (5 good reason),5 (5 good reason),1 (Not a good reason),1 (Not a good reason),5 (5 good reason),5 (5 good reason),CS010C,,,,Week 6,N/A,Week 3,Week 8,Week 5,Week 1,"Office hours, ULA services",10
2/3/2026 10:20:58,CS105,Senior,No,CS major,3.67 – 4.0,21,Hispanic or Latino,Female,Second Generation Student,8-9 hours,5,Disagree (2),4,3,2,4,5,2,Python,1 (Not a good reason),4 (Good reason),5 (5 good reason),1 (Not a good reason),4 (Good reason),1 (Not a good reason),5 (5 good reason),1 (Not a good reason),"CS170, CS135, CS130",,,,Week 4,Week 3,Week 4,Week 6,Week 9,Week 1,Office hours,10
2/3/2026 10:22:26,CS111,Sophomore,No,CS major,3.67 – 4.0,20,White,Male,Other,6-7 hours,3,Disagree (2),4,3,2,5,5,3,Java,1 (Not a good reason),3 (Moderate reason),5 (5 good reason),4 (Good reason),4 (Good reason),1 (Not a good reason),5 (5 good reason),2 (5 small reason),"CS100, CS010C",,,,Week 6,Week 6,Week 4,Week 7,Week 9,Week 1,"Office hours, AI tools",8
2/3/2026 10:42:59,CS111,Junior,No,CS major,3.0 – 3.33,20,Hispanic or Latino,Female,First Generation Student,6-7 hours,5,3 (3),3,3,2,3,3,1,C++/C,5 (5 good reason),5 (5 good reason),5 (5 good reason),5 (5 good reason),5 (5 good reason),1 (Not a good reason),5 (5 good reason),5 (5 good reason),CS010C,,,,Week 5,Week 5,Week 4,Week 2,Week 9,Week 1,"Office hours, ULA services",6
2/3/2026 10:46:12,CS111,Junior,No,CEN or EE major,3.67 – 4.0,19,Hispanic or Latino,Male,First Generation Student,6-7 hours,2,Agree (4),5,5,3,2,4,3,Javascript,1 (Not a good reason),2 (5 small reason),5 (5 good reason),5 (5 good reason),2 (5 small reason),2 (5 small reason),5 (5 good reason),5 (5 good reason),CS010C,,,,Week 6,Week 9,Week 4,Week 9,Week 5,Week 1,"Office hours, Slack communication, ULA services",9
2/3/2026 10:54:27,CS105,Senior,No,CS major,3.67 – 4.0,21,Asian,Male,Second Generation Student,4-5 hours,5,Strongly Disagree (1),4,5,2,5,5,1,Python,4 (Good reason),4 (Good reason),5 (5 good reason),2 (5 small reason),5 (5 good reason),2 (5 small reason),5 (5 good reason),2 (5 small reason),CS166,,,,Week 3,Week 3,Week 4,Week 8,Week 8,Week 1,"Office hours, Study groups",5
2/3/2026 11:19:50,CS105,Senior,Yes,CS major,3.67 – 4.0,21,"White, Black",Male,Second Generation Student,6-7 hours,4,Disagree (2),5,4,3,4,5,2,Python,1 (Not a good reason),5 (5 good reason),5 (5 good reason),1 (Not a good reason),5 (5 good reason),1 (Not a good reason),5 (5 good reason),3 (Moderate reason),CS180,,,ENGR180W,Week 2,Week 9,Week 2,Week 5,Week 1,Week 1,Slack communication,10
2/3/2026 12:04:08,CS105,Senior,Yes,CSBA major,3.67 – 4.0,21,Asian,Male,Second Generation Student,6-7 hours,2,3 (3),3,3,3,3,3,3,C++/C,3 (Moderate reason),3 (Moderate reason),3 (Moderate reason),3 (Moderate reason),3 (Moderate reason),3 (Moderate reason),3 (Moderate reason),3 (Moderate reason),CS 180,,,,Week 5,Week 5,Week 5,Week 5,Week 5,Week 5,"Study groups, ULA services",5
2/3/2026 12:06:05,CS111,Junior,Yes,CS major,3.67 – 4.0,24,White,Male,Other,6-7 hours,3,3 (3),5,5,5,4,2,3,Javascript,5 (5 good reason),4 (Good reason),5 (5 good reason),3 (Moderate reason),3 (Moderate reason),1 (Not a good reason),4 (Good reason),4 (Good reason),CS 100,,,,Week 4,Week 9,Week 1,Week 3,Week 6,Week 9,Office hours,10
2/3/2026 12:51:30,CS111,Junior,Yes,CSBA major,3.33 – 3.67,24,Hispanic or Latino,Female,First Generation Student,4-5 hours,4,3 (3),4,4,1,5,5,1,Java,1 (Not a good reason),1 (Not a good reason),4 (Good reason),4 (Good reason),3 (Moderate reason),1 (Not a good reason),5 (5 good reason),5 (5 good reason),"CS166, CS170",,,,Week 7,Week 5,Week 8,Week 8,Week 9,Week 1,"Office hours, AI tools, Slack communication, Study groups, Personal tutoring, ULA services",6
2/3/2026 13:31:30,CS111,Sophomore,No,CS major,3.33 – 3.67,18,Black,Male,Second Generation Student,6-7 hours,3,Agree (4),4,4,4,4,3,2,Python,3 (Moderate reason),4 (Good reason),4 (Good reason),4 (Good reason),3 (Moderate reason),4 (Good reason),4 (Good reason),3 (Moderate reason),"CS010C, CS100",,,BUS020,Week 7,Week 8,Week 6,Week 3,Week 9,Week 2,"Office hours, Personal tutoring, ULA services",8
2/3/2026 13:32:10,CS111,Sophomore,No,CEN or EE major,3.67 – 4.0,20,Asian,Female,Second Generation Student,4-5 hours,4,3 (3),4,4,4,4,4,3,Java,4 (Good reason),3 (Moderate reason),5 (5 good reason),4 (Good reason),3 (Moderate reason),2 (5 small reason),5 (5 good reason),3 (Moderate reason),N/A,N/A,N/A,N/A,Week 7,Week 6,Week 7,Week 3,Week 7,Week 1,ULA services,8
2/3/2026 13:47:06,CS105,Junior,No,CS major,2.67 – 3.0,20,Asian,Female,Second Generation Student,4-5 hours,3,Disagree (2),2,4,2,4,4,2,Java,3 (Moderate reason),5 (5 good reason),4 (Good reason),1 (Not a good reason),5 (5 good reason),3 (Moderate reason),4 (Good reason),4 (Good reason),"CS105, CS010A, CS010B, CS010C",,,,Week 5,Week 3,Week 6,Week 6,Week 7,Week 1,"Office hours, AI tools, Study groups",7
2/3/2026 14:00:32,CS010A,Sophomore,No,MSE,Prefer not to say,20,Asian,Male,International Student,6-7 hours,3,3 (3),3,3,3,3,3,0,C++/C,3 (Moderate reason),3 (Moderate reason),3 (Moderate reason),3 (Moderate reason),3 (Moderate reason),3 (Moderate reason),3 (Moderate reason),3 (Moderate reason),N/A,N/A,N/A,N/A,Week 1,Week 1,Week 1,Week 1,Week 1,Week 1,"Office hours, AI tools, Slack communication, Study groups, Personal tutoring, ULA services",5
2/3/2026 14:10:49,CS010A,Freshman,No,CSBA major,3.33 – 3.67,18,Hispanic or Latino,Non-binary,First Generation Student,6-7 hours,4,Strongly Disagree (1),3,3,3,4,4,0,C++/C,2 (5 small reason),4 (Good reason),5 (5 good reason),4 (Good reason),5 (5 good reason),5 (5 good reason),5 (5 good reason),4 (Good reason),,,,ENGR101,Week 4,Week 4,Week 8,Week 9,Week 4,Week 1,"Office hours, Study groups, Personal tutoring",6
2/3/2026 14:17:09,CS010A,Sophomore,Yes,Mathematics major,3.0 – 3.33,18,White,Female,First Generation Student,6-7 hours,3,Agree (4),4,4,3,4,5,0,C++/C,4 (Good reason),4 (Good reason),4 (Good reason),4 (Good reason),5 (5 good reason),3 (Moderate reason),4 (Good reason),2 (5 small reason),CS010A,,,,Week 5,Week 8,Week 6,Week 3,Week 9,Week 3,"Slack communication, Study groups",10
2/3/2026 14:21:18,CS010A,Sophomore,No,Mathematics major,2.67 – 3.0,19,White,Male,Other,6-7 hours,3,Disagree (2),4,4,2,2,3,0,C++/C,1 (Not a good reason),4 (Good reason),5 (5 good reason),4 (Good reason),3 (Moderate reason),2 (5 small reason),5 (5 good reason),3 (Moderate reason),,,,MATH010B,Week 6,Week 7,Week 8,Week 2,Week 9,Week 2,Office hours,6
2/3/2026 14:27:10,CS010A,Freshman,No,CSBA major,3.67 – 4.0,19,Hispanic or Latino,Female,First Generation Student,4-5 hours,4,Agree (4),4,3,2,4,4,1,Python,1 (Not a good reason),3 (Moderate reason),4 (Good reason),3 (Moderate reason),2 (5 small reason),4 (Good reason),3 (Moderate reason),3 (Moderate reason),CS010A,,,,Week 4,Week 6,Week 5,Week 7,Week 9,Week 1,"Study groups, Personal tutoring",7
2/3/2026 14:29:02,CS111,Junior,Yes,CEN or EE major,3.67 – 4.0,21,White,Female,Other,Less than 4,5,Disagree (2),2,3,3,4,4,6,C++/C,1 (Not a good reason),5 (5 good reason),5 (5 good reason),5 (5 good reason),5 (5 good reason),1 (Not a good reason),5 (5 good reason),5 (5 good reason),N/A,N/A,N/A,N/A,Week 3,Week 5,Week 4,Week 7,Week 8,Week 2,"Office hours, Study groups, ULA services",10
2/3/2026 14:30:57,CS111,Junior,Yes,CS major,3.67 – 4.0,22,White,Male,Other,4-5 hours,5,3 (3),2,2,4,4,4,2,C#,4 (Good reason),5 (5 good reason),5 (5 good reason),3 (Moderate reason),2 (5 small reason),1 (Not a good reason),5 (5 good reason),4 (Good reason),CS10C,,,,Week 3,Week 3,Week 3,Week 6,Week 5,Week 6,"AI tools, Slack communication",8
2/3/2026 14:38:50,CS010A,Freshman,No,CEN or EE major,2.0 – 2.33,18,Hispanic or Latino,Male,First Generation Student,4-5 hours,4,3 (3),5,4,3,4,4,,C++/C,4 (Good reason),4 (Good reason),2 (5 small reason),3 (Moderate reason),3 (Moderate reason),1 (Not a good reason),1 (Not a good reason),1 (Not a good reason),N/A,N/A,N/A,N/A,Week 6,Week 9,Week 9,Week 3,Week 5,Week 1,"AI tools, ULA services",6
2/3/2026 14:40:02,CS010A,Freshman,No,CS major,3.33 – 3.67,17,Asian,Male,International Student,4-5 hours,3,Agree (4),4,3,3,5,4,3,Java,2 (5 small reason),4 (Good reason),4 (Good reason),3 (Moderate reason),5 (5 good reason),3 (Moderate reason),5 (5 good reason),5 (5 good reason),"CS163, CS165",,,,Week 3,Week 4,Week 5,Week 6,Week 8,Week 1,"AI tools, Study groups",10
2/3/2026 14:41:06,CS111,Junior,Yes,CS major,3.33 – 3.67,21,Asian,Male,Second Generation Student,4-5 hours,2,Strongly Agree (5),3,3,2,2,5,3,HTML & CSS,2 (5 small reason),2 (5 small reason),2 (5 small reason),2 (5 small reason),2 (5 small reason),2 (5 small reason),2 (5 small reason),2 (5 small reason),N/A,N/A,N/A,N/A,Week 8,Week 8,Week 8,Week 8,Week 8,Week 8,"Office hours, AI tools, Slack communication, Study groups",10
2/3/2026 14:51:28,CS111,Junior,No,Data Science major,Prefer not to say,20,"Asian, Hispanic or Latino",Male,Other,6-7 hours,3,3 (3),3,3,3,3,3,1,C++/C,3 (Moderate reason),3 (Moderate reason),3 (Moderate reason),3 (Moderate reason),3 (Moderate reason),3 (Moderate reason),3 (Moderate reason),3 (Moderate reason),CS100,,,,Week 5,Week 5,Week 5,Week 5,Week 5,Week 5,Study groups,6
2/3/2026 14:57:25,CS010A,Freshman,No,CEN or EE major,Prefer not to say,18,Prefer not to say,Female,First Generation Student,6-7 hours,3,Agree (4),4,4,2,3,4,1,C++/C,1 (Not a good reason),5 (5 good reason),5 (5 good reason),3 (Moderate reason),5 (5 good reason),4 (Good reason),5 (5 good reason),5 (5 good reason),CS010A,,,ENGR101,Week 9,Week 9,Week 5,Week 5,Week 9,Week 9,"AI tools, Study groups",7
2/3/2026 15:16:31,CS010A,Freshman,No,CS major,3.67 – 4.0,18,Hispanic or Latino,Male,First Generation Student,8-9 hours,1,Agree (4),4,4,4,4,4,0,C++/C,1 (Not a good reason),1 (Not a good reason),2 (5 small reason),1 (Not a good reason),4 (Good reason),3 (Moderate reason),2 (5 small reason),3 (Moderate reason),CS010A,,,,Week 4,Week 4,Week 5,Week 3,Week 5,Week 3,"AI tools, Personal tutoring",5
2/3/2026 15:18:11,CS010A,Freshman,No,CEN or EE major,2.67 – 3.0,18,Hispanic or Latino,Male,First Generation Student,6-7 hours,1,3 (3),5,4,3,4,4,1,Python,4 (Good reason),5 (5 good reason),5 (5 good reason),1 (Not a good reason),5 (5 good reason),3 (Moderate reason),4 (Good reason),4 (Good reason),,EE010,,,Week 5,Week 9,Week 6,Week 6,Week 3,Week 9,"AI tools, Study groups",9
2/3/2026 15:42:12,CS010A,Sophomore,No,Mathematics major,3.67 – 4.0,19,Hispanic or Latino,Female,First Generation Student,6-7 hours,4,Strongly Agree (5),4,1,1,4,4,0,C++/C,1 (Not a good reason),4 (Good reason),5 (5 good reason),5 (5 good reason),1 (Not a good reason),1 (Not a good reason),5 (5 good reason),1 (Not a good reason),,,,"MATH 09B, MATH 010A, MATH 010B",Week 7,Week 5,Week 7,Week 1,Week 8,Week 1,"AI tools, Slack communication",4
2/3/2026 15:43:12,CS111,Junior,Yes,CS major,3.67 – 4.0,20,Asian,Male,Second Generation Student,6-7 hours,3,Strongly Disagree (1),4,4,4,4,4,2,HTML & CSS,1 (Not a good reason),5 (5 good reason),5 (5 good reason),3 (Moderate reason),4 (Good reason),1 (Not a good reason),5 (5 good reason),2 (5 small reason),N/A,N/A,N/A,N/A,N/A,N/A,N/A,N/A,Week 5,N/A,N/A,1
2/3/2026 15:44:45,CS010A,Sophomore,No,Mathematics major,3.33 – 3.67,19,Asian,Male,First Generation Student,4-5 hours,4,Agree (4),3,1,1,4,4,0,C++/C,1 (Not a good reason),4 (Good reason),5 (5 good reason),4 (Good reason),4 (Good reason),4 (Good reason),5 (5 good reason),4 (Good reason),,,,EDUC003,Week 7,Week 3,Week 6,Week 9,Week 9,Week 9,AI tools,5
2/3/2026 16:03:08,CS010A,Freshman,No,CSBA major,3.33 – 3.67,18,Hispanic or Latino,Female,First Generation Student,6-7 hours,3,3 (3),4,4,4,4,4,4,HTML & CSS,3 (Moderate reason),5 (5 good reason),5 (5 good reason),4 (Good reason),5 (5 good reason),3 (Moderate reason),4 (Good reason),4 (Good reason),CS010A,,,ENGR101,Week 4,Week 5,Week 5,Week 2,Week 9,Week 1,"Office hours, AI tools",7
2/3/2026 16:12:06,CS010A,Freshman,No,CS major,2.67 – 3.0,19,Hispanic or Latino,Female,First Generation Student,4-5 hours,5,Agree (4),4,4,5,3,3,2,Python,5 (5 good reason),5 (5 good reason),5 (5 good reason),4 (Good reason),5 (5 good reason),2 (5 small reason),5 (5 good reason),3 (Moderate reason),CS010A,,,,Week 7,Week 8,Week 4,Week 8,Week 5,Week 1,"Office hours, Study groups, Personal tutoring",7
2/3/2026 16:47:56,CS111,Junior,Yes,CS major,3.67 – 4.0,20,White,Male,Other,6-7 hours,4,3 (3),4,4,2,3,4,3,C++/C,4 (Good reason),4 (Good reason),5 (5 good reason),4 (Good reason),4 (Good reason),1 (Not a good reason),5 (5 good reason),5 (5 good reason),CS100,,,,Week 9,Week 9,Week 9,Week 3,Week 9,Week 1,Study groups,10
2/3/2026 17:03:08,"CS105, CS111",Senior,No,CSBA major,2.33 – 2.67,21,White,Male,First Generation Student,4-5 hours,4,Disagree (2),4,4,5,5,4,2,Python,4 (Good reason),3 (Moderate reason),5 (5 good reason),3 (Moderate reason),2 (5 small reason),2 (5 small reason),5 (5 good reason),5 (5 good reason),CS100,,,,Week 3,Week 5,Week 4,Week 6,Week 8,Week 2,"Office hours, Study groups, ULA services",9
2/3/2026 17:44:10,CS010A,Freshman,No,CEN or EE major,3.0 – 3.33,18,Hispanic or Latino,Female,First Generation Student,8+ hours,3,Disagree (2),3,3,3,3,5,1,C++/C,3 (Moderate reason),4 (Good reason),5 (5 good reason),3 (Moderate reason),5 (5 good reason),3 (Moderate reason),5 (5 good reason),2 (5 small reason),N/A,N/A,N/A,N/A,Week 4,Week 9,Week 9,Week 3,Week 4,Week 1,N/A,8
2/3/2026 18:02:24,CS111,Junior,No,Data Science major,3.33 – 3.67,20,Hispanic or Latino,Male,First Generation Student,4-5 hours,3,Agree (4),3,2,3,4,5,2,C++/C,4 (Good reason),2 (5 small reason),4 (Good reason),4 (Good reason),4 (Good reason),5 (5 good reason),5 (5 good reason),5 (5 good reason),CS105,,,,Week 5,Week 5,Week 5,Week 7,Week 9,Week 1,"Office hours, AI tools, Slack communication",7
2/3/2026 18:29:22,CS111,Junior,Yes,CS major,3.33 – 3.67,21,Hispanic or Latino,Male,First Generation Student,4-5 hours,4,Agree (4),4,4,3,4,4,2,C++/C,3 (Moderate reason),4 (Good reason),5 (5 good reason),3 (Moderate reason),3 (Moderate reason),4 (Good reason),5 (5 good reason),5 (5 good reason),,,STAT155,,Week 5,Week 6,Week 4,Week 3,Week 7,Week 1,Personal tutoring,7
2/3/2026 18:34:20,CS010A,Freshman,No,Robotics,Prefer not to say,18,Asian,Female,First Generation Student,4-5 hours,4,Agree (4),4,5,3,4,3,2,HTML & CSS,4 (Good reason),5 (5 good reason),5 (5 good reason),4 (Good reason),4 (Good reason),3 (Moderate reason),5 (5 good reason),5 (5 good reason),CS010A,,,MATH009B,Week 6,Week 6,Week 7,Week 3,Week 4,Week 1,"Office hours, AI tools, Personal tutoring",
2/3/2026 18:39:29,CS105,Senior,Yes,CS major,3.0 – 3.33,22,White,Male,Other,6-7 hours,5,3 (3),3,4,4,4,4,0,C++/C,4 (Good reason),5 (5 good reason),5 (5 good reason),3 (Moderate reason),5 (5 good reason),4 (Good reason),3 (Moderate reason),3 (Moderate reason),N/A,N/A,N/A,N/A,Week 3,Week 3,Week 3,Week 7,Week 9,Week 1,"Office hours, Slack communication, Study groups",7
2/3/2026 19:24:55,"CS105, CS111",Junior,No,CEN or EE major,3.33 – 3.67,21,Asian,Male,"First Generation Student, International Student",8-9 hours,4,3 (3),4,4,3,3,4,3,C++/C,3 (Moderate reason),3 (Moderate reason),3 (Moderate reason),3 (Moderate reason),3 (Moderate reason),3 (Moderate reason),3 (Moderate reason),3 (Moderate reason),CS111,,,,Week 4,Week 3,Week 4,Week 4,Week 6,Week 7,"Slack communication, Study groups, Personal tutoring",7
2/3/2026 19:39:46,CS105,Freshman,No,CSBA major,3.67 – 4.0,18,Asian,Male,Second Generation Student,4-5 hours,4,Agree (4),4,3,3,4,2,0,Java,5 (5 good reason),4 (Good reason),5 (5 good reason),3 (Moderate reason),5 (5 good reason),3 (Moderate reason),5 (5 good reason),4 (Good reason),CS010A,,,,Week 5,Week 5,Week 4,Week 3,Week 8,Week 1,Study groups,5
2/3/2026 20:07:41,CS105,Junior,No,CS major,3.33 – 3.67,19,Hispanic or Latino,Male,Other,6-7 hours,3,Agree (4),3,2,2,4,4,2,Javascript,3 (Moderate reason),5 (5 good reason),4 (Good reason),1 (Not a good reason),5 (5 good reason),1 (Not a good reason),4 (Good reason),4 (Good reason),"CS010C, CS100",,,,Week 5,Week 8,Week 5,Week 8,Week 9,Week 1,"AI tools, Slack communication, Study groups",10
2/3/2026 20:13:59,CS010A,Freshman,No,CEN or EE major,3.33 – 3.67,18,Hispanic or Latino,Female,First Generation Student,4-5 hours,5,Disagree (2),3,1,3,4,1,2,C++/C,1 (Not a good reason),1 (Not a good reason),5 (5 good reason),1 (Not a good reason),3 (Moderate reason),1 (Not a good reason),2 (5 small reason),1 (Not a good reason),CS010A,,,,Week 4,Week 3,Week 4,Week 3,Week 6,Week 1,"Office hours, Study groups",5
2/3/2026 20:50:51,CS111,Junior,Yes,CS major,3.67 – 4.0,25,White,Male,First Generation Student,4-5 hours,5,Strongly Disagree (1),3,3,3,4,4,1,Javascript,3 (Moderate reason),3 (Moderate reason),5 (5 good reason),2 (5 small reason),4 (Good reason),2 (5 small reason),5 (5 good reason),5 (5 good reason),CS100,,,,Week 5,Week 2,Week 3,Week 1,Week 5,Week 1,"Office hours, AI tools",9
2/3/2026 20:50:58,CS010A,Freshman,No,CEN or EE major,3.33 – 3.67,18,Asian,Male,International Student,8+ hours,5,Strongly Agree (5),2,4,1,5,3,0,C++/C,5 (5 good reason),5 (5 good reason),5 (5 good reason),5 (5 good reason),5 (5 good reason),5 (5 good reason),5 (5 good reason),5 (5 good reason),CS010A,,,,Week 9,Week 9,Week 9,Week 1,Week 9,Week 9,"Office hours, AI tools, Slack communication, Study groups, Personal tutoring, ULA services",1
2/3/2026 20:51:22,CS010A,Freshman,No,Mathematics major,3.67 – 4.0,19,Asian,Male,Second Generation Student,6-7 hours,3,3 (3),4,4,4,4,4,0,Java,1 (Not a good reason),2 (5 small reason),5 (5 good reason),1 (Not a good reason),1 (Not a good reason),1 (Not a good reason),5 (5 good reason),1 (Not a good reason),,,,MATH009B,Week 6,Week 1,Week 9,Week 9,Week 9,Week 5,Study groups,7
2/3/2026 21:01:17,CS010A,Freshman,No,CEN or EE major,3.33 – 3.67,22,Hispanic or Latino,Male,First Generation Student,Less than 4,3,3 (3),3,4,4,3,3,0,none ,4 (Good reason),4 (Good reason),3 (Moderate reason),4 (Good reason),3 (Moderate reason),4 (Good reason),3 (Moderate reason),3 (Moderate reason),N/A,N/A,N/A,N/A,Week 5,Week 5,Week 6,Week 5,Week 4,Week 6,Personal tutoring,8
2/3/2026 21:05:29,CS111,Junior,Yes,CS major,3.0 – 3.33,22,White,Male,Second Generation Student,4-5 hours,5,Disagree (2),2,2,1,4,4,2,Javascript,1 (Not a good reason),5 (5 good reason),5 (5 good reason),2 (5 small reason),4 (Good reason),3 (Moderate reason),4 (Good reason),4 (Good reason),CS100,,,,Week 2,Week 9,Week 2,Week 5,Week 8,Week 1,"Office hours, AI tools, Personal tutoring",8
2/3/2026 21:15:55,CS111,Junior,Yes,CS major,3.67 – 4.0,21,White,Male,Second Generation Student,,5,3 (3),1,4,1,2,3,2,C++/C,5 (5 good reason),5 (5 good reason),5 (5 good reason),5 (5 good reason),5 (5 good reason),3 (Moderate reason),5 (5 good reason),5 (5 good reason),CS100,,,,Week 5,Week 5,Week 5,Week 5,Week 5,Week 5,"Office hours, ULA services",5
2/3/2026 21:20:47,CS010A,Sophomore,No,Data Science major,3.0 – 3.33,20,Asian,Male,First Generation Student,6-7 hours,3,3 (3),5,4,2,5,5,1,C++/C,1 (Not a good reason),3 (Moderate reason),4 (Good reason),1 (Not a good reason),3 (Moderate reason),1 (Not a good reason),5 (5 good reason),2 (5 small reason),N/A,N/A,N/A,N/A,Week 6,Week 7,Week 5,Week 2,Week 5,Week 1,Study groups,4
2/3/2026 21:39:11,CS111,Junior,Yes,CS major,3.33 – 3.67,23,"Asian, White",Male,Second Generation Student,6-7 hours,5,3 (3),2,3,4,4,1,1,Python,5 (5 good reason),2 (5 small reason),5 (5 good reason),2 (5 small reason),4 (Good reason),2 (5 small reason),3 (Moderate reason),1 (Not a good reason),CS100,,,,Week 3,Week 2,Week 3,Week 6,Week 4,Week 1,"AI tools, ULA services",8
2/3/2026 21:46:56,CS111,Sophomore,No,CS or DS minor,3.67 – 4.0,19,Asian,Male,Second Generation Student,6-7 hours,2,Agree (4),3,3,3,3,4,3,Python,3 (Moderate reason),3 (Moderate reason),5 (5 good reason),5 (5 good reason),4 (Good reason),5 (5 good reason),5 (5 good reason),5 (5 good reason),,CHEM008B,,,Week 5,Week 8,Week 2,Week 8,Week 8,Week 1,"Office hours, Study groups, Personal tutoring",10
2/3/2026 22:16:00,CS105,Freshman,No,CSBA major,Prefer not to say,19,Asian,Male,Other,Less than 4,5,Agree (4),4,4,4,4,3,1,,4 (Good reason),5 (5 good reason),4 (Good reason),4 (Good reason),4 (Good reason),5 (5 good reason),4 (Good reason),5 (5 good reason),CS010A,,,,Week 6,Week 6,Week 6,Week 6,Week 6,Week 6,AI tools,7
2/3/2026 22:22:01,CS010A,Freshman,No,Mathematics major,2.67 – 3.0,18,Hispanic or Latino,Male,First Generation Student,6-7 hours,3,3 (3),4,4,3,3,4,1,C++/C,2 (5 small reason),4 (Good reason),4 (Good reason),3 (Moderate reason),3 (Moderate reason),3 (Moderate reason),4 (Good reason),4 (Good reason),,,,MATH010B,Week 8,Week 9,Week 7,Week 4,Week 8,Week 1,"Office hours, AI tools",7
2/3/2026 22:29:22,CS010A,Freshman,No,CS major,2.67 – 3.0,18,Hispanic or Latino,Male,First Generation Student,4-5 hours,5,3 (3),3,3,3,4,3,1,C++/C,5 (5 good reason),5 (5 good reason),5 (5 good reason),5 (5 good reason),5 (5 good reason),5 (5 good reason),5 (5 good reason),3 (Moderate reason),CS010A,,,,Week 4,Week 5,Week 4,Week 1,Week 9,Week 1,"AI tools, Study groups",6
2/3/2026 22:33:58,CS010A,Freshman,No,CEN or EE major,3.67 – 4.0,19,"Asian, White",Female,Other,Less than 4,5,Strongly Disagree (1),3,3,1,2,3,3,Java,4 (Good reason),5 (5 good reason),5 (5 good reason),1 (Not a good reason),5 (5 good reason),5 (5 good reason),5 (5 good reason),1 (Not a good reason),N/A,N/A,N/A,N/A,Week 4,Week 1,Week 4,Week 1,Week 9,Week 1,"AI tools, Personal tutoring",8
2/3/2026 22:39:46,CS010A,Freshman,No,CEN or EE major,3.67 – 4.0,19,Prefer not to say,Male,First Generation Student,4-5 hours,3,3 (3),4,3,3,3,3,0,Java,1 (Not a good reason),5 (5 good reason),5 (5 good reason),5 (5 good reason),5 (5 good reason),1 (Not a good reason),5 (5 good reason),5 (5 good reason),,EE010,,MATH010B,Week 4,Week 8,Week 4,Week 2,Week 5,Week 9,AI tools,5
2/3/2026 22:47:20,CS111,Junior,Yes,CS major,3.67 – 4.0,20,Asian,Male,First Generation Student,8-9 hours,3,3 (3),3,3,3,3,3,1,C++/C,1 (Not a good reason),3 (Moderate reason),4 (Good reason),4 (Good reason),3 (Moderate reason),1 (Not a good reason),4 (Good reason),4 (Good reason),CS100,,,,Week 3,Week 6,Week 3,Week 2,Week 4,Week 1,Office hours,7
2/3/2026 22:58:03,"CS105, CS111",Sophomore,No,Data Science major,3.33 – 3.67,19,Asian,Male,Other,4-5 hours,3,Disagree (2),4,4,2,5,5,3,Java,1 (Not a good reason),1 (Not a good reason),5 (5 good reason),1 (Not a good reason),1 (Not a good reason),1 (Not a good reason),4 (Good reason),5 (5 good reason),"CS105, CS010C",,,,Week 3,Week 9,Week 3,Week 8,N/A,Week 1,"Office hours, AI tools, Study groups",5
2/3/2026 23:27:16,CS010A,Freshman,No,CSBA major,3.0 – 3.33,19,Asian,Male,"Second Generation Student, International Student",8-9 hours,3,3 (3),3,4,4,4,4,0,Python,4 (Good reason),4 (Good reason),4 (Good reason),3 (Moderate reason),5 (5 good reason),3 (Moderate reason),3 (Moderate reason),3 (Moderate reason),CS105,,,,Week 7,Week 9,Week 9,N/A,Week 9,Week 1,"Office hours, Personal tutoring",6
2/4/2026 0:57:38,CS010A,Freshman,No,CEN or EE major,Prefer not to say,18,Asian,Male,Second Generation Student,6-7 hours,1,3 (3),3,3,3,3,3,0,Java,2 (5 small reason),2 (5 small reason),2 (5 small reason),2 (5 small reason),2 (5 small reason),2 (5 small reason),2 (5 small reason),2 (5 small reason),N/A,N/A,N/A,N/A,Week 3,Week 2,Week 3,Week 3,Week 3,Week 1,AI tools,3
2/4/2026 1:01:07,CS010A,Freshman,No,CEN or EE major,2.67 – 3.0,19,"Asian, White, Hispanic or Latino, Black",Male,First Generation Student,6-7 hours,4,3 (3),4,4,3,4,2,0,Java,3 (Moderate reason),4 (Good reason),4 (Good reason),4 (Good reason),4 (Good reason),1 (Not a good reason),4 (Good reason),4 (Good reason),"CS010A,CS005",,,ENGR101,Week 5,Week 5,Week 5,Week 2,Week 5,Week 7,"Office hours, AI tools, Study groups, Personal tutoring",5
2/4/2026 9:53:44,CS010A,Freshman,No,CEN or EE major,2.0 – 2.33,18,"Hispanic or Latino, Black",Male,First Generation Student,8-9 hours,4,Agree (4),5,4,1,4,5,1,Javascript,3 (Moderate reason),4 (Good reason),5 (5 good reason),4 (Good reason),3 (Moderate reason),1 (Not a good reason),5 (5 good reason),4 (Good reason),,,,ENGR 101,Week 6,Week 5,Week 7,Week 1,Week 8,Week 3,"Office hours, Study groups, Personal tutoring, ULA services",9
2/4/2026 10:21:41,CS105,Senior,No,CS major,3.33 – 3.67,20,Asian,Male,Other,6-7 hours,3,Agree (4),4,4,4,3,4,2,Python,1 (Not a good reason),5 (5 good reason),4 (Good reason),4 (Good reason),5 (5 good reason),1 (Not a good reason),3 (Moderate reason),3 (Moderate reason),"CS100, CS180",,,,Week 8,Week 8,Week 5,Week 8,Week 9,Week 1,"Office hours, AI tools, Slack communication",7
2/4/2026 11:01:54,CS105,Sophomore,No,Mathematics major,3.0 – 3.33,20,Asian,Male,First Generation Student,8-9 hours,3,,4,4,4,4,3,0,C++/C,3 (Moderate reason),4 (Good reason),5 (5 good reason),5 (5 good reason),5 (5 good reason),1 (Not a good reason),4 (Good reason),4 (Good reason),,,,MATH009A MATH009B,Week 6,Week 6,Week 7,Week 9,Week 9,Week 1,"Office hours, AI tools, Study groups",1
2/4/2026 11:10:52,CS111,Junior,No,CEN or EE major,3.0 – 3.33,21,Hispanic or Latino,Male,First Generation Student,6-7 hours,3,Agree (4),3,3,3,4,3,1,C++/C,3 (Moderate reason),3 (Moderate reason),3 (Moderate reason),3 (Moderate reason),3 (Moderate reason),3 (Moderate reason),3 (Moderate reason),3 (Moderate reason),CS141,,,,Week 5,Week 7,Week 5,Week 5,Week 5,Week 5,"AI tools, Personal tutoring",6
2/4/2026 11:31:48,CS105,Senior,No,CS or DS minor,3.33 – 3.67,21,Hispanic or Latino,Male,Second Generation Student,6-7 hours,4,3 (3),5,5,4,3,3,1,Javascript,1 (Not a good reason),3 (Moderate reason),5 (5 good reason),4 (Good reason),4 (Good reason),2 (5 small reason),5 (5 good reason),2 (5 small reason),N/A,N/A,N/A,N/A,Week 8,Week 5,Week 3,Week 5,Week 5,Week 7,Office hours,9
2/4/2026 11:39:52,CS111,Junior,Yes,CS major,3.67 – 4.0,20,"Asian, Native Hawaiian or Other Pacific Islander",Male,Second Generation Student,Less than 4,4,Disagree (2),1,1,4,4,4,3,C++/C,5 (5 good reason),5 (5 good reason),5 (5 good reason),3 (Moderate reason),3 (Moderate reason),5 (5 good reason),5 (5 good reason),5 (5 good reason),CS100,,,,Week 3,Week 4,Week 2,Week 4,Week 6,Week 9,"Office hours, ULA services",10
2/4/2026 11:46:54,CS105,Senior,No,CS major,3.67 – 4.0,21,Hispanic or Latino,Male,First Generation Student,6-7 hours,5,Disagree (2),3,3,3,3,4,1,C++/C,3 (Moderate reason),2 (5 small reason),4 (Good reason),2 (5 small reason),3 (Moderate reason),2 (5 small reason),4 (Good reason),3 (Moderate reason),CS170,,,,Week 4,Week 5,Week 5,Week 2,Week 7,Week 1,"Office hours, AI tools, Study groups",7
2/4/2026 11:48:04,CS010A,Junior,No,Mathematics major,2.67 – 3.0,20,Hispanic or Latino,Male,Second Generation Student,4-5 hours,4,Strongly Agree (5),4,4,2,5,4,0,C++/C,1 (Not a good reason),3 (Moderate reason),4 (Good reason),1 (Not a good reason),2 (5 small reason),5 (5 good reason),4 (Good reason),3 (Moderate reason),N/A,N/A,N/A,N/A,Week 6,Week 4,Week 7,Week 3,Week 9,Week 9,Study groups,1
2/4/2026 11:55:51,CS010A,Freshman,No,CEN or EE major,3.0 – 3.33,18,Asian,Male,Other,6-7 hours,3,3 (3),3,3,3,3,3,1,C++/C,3 (Moderate reason),3 (Moderate reason),3 (Moderate reason),3 (Moderate reason),3 (Moderate reason),3 (Moderate reason),3 (Moderate reason),3 (Moderate reason),CS010A,,,,Week 6,Week 6,Week 6,Week 6,Week 6,Week 6,"Office hours, AI tools, Study groups",5
2/4/2026 12:11:30,CS010A,Sophomore,No,Mathematics major,2.67 – 3.0,20,White,Male,Second Generation Student,8-9 hours,1,3 (3),4,4,3,4,5,0,C++/C,1 (Not a good reason),4 (Good reason),5 (5 good reason),3 (Moderate reason),3 (Moderate reason),1 (Not a good reason),4 (Good reason),1 (Not a good reason),,,,MATH009B,Week 5,Week 1,Week 5,Week 2,Week 9,Week 3,AI tools,2
2/4/2026 12:12:46,CS111,Junior,No,CS major,3.67 – 4.0,16,Asian,Male,Other,8-9 hours,4,Strongly Agree (5),4,2,3,5,5,10,Javascript,1 (Not a good reason),2 (5 small reason),5 (5 good reason),5 (5 good reason),1 (Not a good reason),2 (5 small reason),5 (5 good reason),3 (Moderate reason),"CS224, CS265A",,,,Week 5,Week 4,Week 4,Week 5,Week 8,Week 7,"Office hours, AI tools, Study groups",10
2/4/2026 12:51:00,CS010A,Junior,No,Mathematics major,3.0 – 3.33,20,"Asian, White",Female,First Generation Student,Less than 4,5,3 (3),4,4,1,4,4,1,C++/C,1 (Not a good reason),1 (Not a good reason),5 (5 good reason),5 (5 good reason),5 (5 good reason),2 (5 small reason),5 (5 good reason),5 (5 good reason),,,,"MATH046, MATH10A, MATH10B, MATH146, MATH168",Week 3,Week 1,Week 2,Week 9,Week 9,Week 9,"Office hours, AI tools, Study groups",1
2/4/2026 12:52:00,CS010A,Sophomore,No,CEN or EE major,2.67 – 3.0,18,Asian,Female,Second Generation Student,4-5 hours,4,Agree (4),3,4,3,4,3,1,C++/C,5 (5 good reason),4 (Good reason),5 (5 good reason),4 (Good reason),5 (5 good reason),5 (5 good reason),5 (5 good reason),5 (5 good reason),N/A,N/A,N/A,N/A,Week 7,Week 1,Week 1,Week 5,Week 6,Week 4,"Office hours, Personal tutoring",8
2/4/2026 13:12:58,CS010A,Sophomore,No,CEN or EE major,3.67 – 4.0,19,"Asian, White",Female,Other,8+ hours,3,Agree (4),4,4,2,2,4,0,C++/C,1 (Not a good reason),5 (5 good reason),5 (5 good reason),3 (Moderate reason),5 (5 good reason),5 (5 good reason),2 (5 small reason),2 (5 small reason),N/A,N/A,N/A,N/A,Week 3,Week 4,Week 4,Week 2,Week 9,Week 1,"AI tools, Personal tutoring",5
2/4/2026 13:26:11,CS111,Junior,No,CS major,3.33 – 3.67,19,Hispanic or Latino,Male,Second Generation Student,4-5 hours,4,Agree (4),4,4,3,4,3,2,Python,4 (Good reason),4 (Good reason),4 (Good reason),2 (5 small reason),3 (Moderate reason),2 (5 small reason),4 (Good reason),4 (Good reason),CS100,,,,Week 4,Week 5,Week 6,Week 9,Week 9,Week 1,"Slack communication, Study groups",8
2/4/2026 13:30:59,CS105,Senior,No,CS major,Prefer not to say,21,White,Female,International Student,6-7 hours,4,Agree (4),4,3,2,5,4,3,C++/C,5 (5 good reason),3 (Moderate reason),5 (5 good reason),2 (5 small reason),2 (5 small reason),3 (Moderate reason),4 (Good reason),3 (Moderate reason),CS171,,,,Week 5,Week 9,Week 8,Week 4,Week 9,Week 1,"AI tools, Study groups",10
2/4/2026 13:39:47,CS111,Junior,No,CS major,3.0 – 3.33,19,Hispanic or Latino,Male,First Generation Student,8-9 hours,4,Agree (4),4,4,3,3,4,3,Python,4 (Good reason),3 (Moderate reason),4 (Good reason),4 (Good reason),3 (Moderate reason),2 (5 small reason),5 (5 good reason),4 (Good reason),"CS10C, CS061",,,,Week 4,Week 4,Week 5,Week 7,Week 8,Week 2,"Office hours, Slack communication, ULA services",10
2/4/2026 13:50:07,CS105,Senior,Yes,CS major,3.0 – 3.33,22,Asian,Female,Other,4-5 hours,4,Disagree (2),2,3,3,4,5,2,C++/C,3 (Moderate reason),4 (Good reason),5 (5 good reason),5 (5 good reason),3 (Moderate reason),4 (Good reason),5 (5 good reason),5 (5 good reason),CS179M,,,,Week 4,Week 4,Week 4,Week 7,Week 5,Week 1,"Office hours, AI tools, Study groups",4
2/4/2026 14:29:33,CS105,Senior,Yes,CS major,3.0 – 3.33,22,White,Male,Second Generation Student,4-5 hours,4,Strongly Disagree (1),3,4,2,5,5,4,(Rbx)Lua,1 (Not a good reason),3 (Moderate reason),4 (Good reason),1 (Not a good reason),2 (5 small reason),1 (Not a good reason),5 (5 good reason),1 (Not a good reason),,,,ENGR180W,Week 4,Week 9,Week 9,Week 1,Week 9,Week 2,"AI tools, Slack communication",9
2/4/2026 14:41:02,CS010A,Freshman,No,Math,3.67 – 4.0,18,Asian,Male,"First Generation Student, International Student",6-7 hours,3,3 (3),4,4,3,2,4,2,Python,3 (Moderate reason),4 (Good reason),5 (5 good reason),2 (5 small reason),3 (Moderate reason),4 (Good reason),5 (5 good reason),5 (5 good reason),CS010A,,,,Week 3,Week 2,Week 3,Week 2,Week 3,Week 2,"Office hours, AI tools, Study groups",7
2/4/2026 14:50:19,CS010A,Freshman,No,CEN or EE major,1.67 – 2.0,19,Black,Male,First Generation Student,4-5 hours,4,3 (3),4,4,2,5,4,0,C++/C,3 (Moderate reason),3 (Moderate reason),3 (Moderate reason),3 (Moderate reason),5 (5 good reason),3 (Moderate reason),4 (Good reason),5 (5 good reason),CS010A,,,,Week 4,Week 5,Week 5,Week 3,Week 9,Week 1,AI tools,6
2/4/2026 15:57:26,CS111,Junior,Yes,CS major,3.67 – 4.0,22,Asian,Male,International Student,6-7 hours,5,Disagree (2),4,5,2,4,3,3,Java,5 (5 good reason),4 (Good reason),5 (5 good reason),2 (5 small reason),3 (Moderate reason),3 (Moderate reason),4 (Good reason),4 (Good reason),"CS100, CS101",,,,Week 4,Week 5,Week 4,Week 7,Week 5,Week 1,"Office hours, Study groups, ULA services",10
2/4/2026 16:11:25,CS010A,Senior,No,Mathematics major,2.67 – 3.0,20,Middle Eastern,Female,Second Generation Student,6-7 hours,3,Disagree (2),2,4,3,4,4,0,C++/C,4 (Good reason),4 (Good reason),5 (5 good reason),3 (Moderate reason),4 (Good reason),4 (Good reason),5 (5 good reason),4 (Good reason),,,,"EDUC104, MATH046, MATH011",Week 3,Week 4,Week 3,Week 2,Week 9,Week 1,"AI tools, Study groups",4
2/4/2026 16:21:07,CS010A,Freshman,No,Robotics,Prefer not to say,18,Hispanic or Latino,Male,First Generation Student,6-7 hours,3,Agree (4),3,4,2,4,4,1,Python,4 (Good reason),4 (Good reason),4 (Good reason),4 (Good reason),4 (Good reason),3 (Moderate reason),5 (5 good reason),3 (Moderate reason),,,,MATH010B,,Week 2,Week 5,Week 8,N/A,Week 1,"AI tools, Study groups",6
2/4/2026 16:25:00,CS010A,Freshman,No,Mathematics major,3.33 – 3.67,18,Asian,Female,First Generation Student,6-7 hours,3,3 (3),4,4,4,3,4,0,C++/C,3 (Moderate reason),5 (5 good reason),5 (5 good reason),5 (5 good reason),5 (5 good reason),2 (5 small reason),5 (5 good reason),3 (Moderate reason),N/A,N/A,N/A,N/A,Week 5,Week 3,Week 5,Week 1,Week 8,Week 1,"Office hours, Slack communication, ULA services",5
2/4/2026 16:27:34,CS010A,Freshman,No,CEN or EE major,Prefer not to say,18,"Asian, Hispanic or Latino",Male,First Generation Student,Less than 4,4,3 (3),3,2,3,5,5,1,C++/C,4 (Good reason),3 (Moderate reason),4 (Good reason),3 (Moderate reason),4 (Good reason),2 (5 small reason),3 (Moderate reason),3 (Moderate reason),CS010A,,,,Week 6,Week 3,Week 2,Week 1,Week 8,Week 1,Study groups,7
2/4/2026 16:31:35,CS111,Senior,No,Neuroscience,3.67 – 4.0,20,Asian,Male,Other,8-9 hours,2,Strongly Agree (5),1,1,1,5,5,4,HTML & CSS,1 (Not a good reason),1 (Not a good reason),1 (Not a good reason),1 (Not a good reason),1 (Not a good reason),5 (5 good reason),5 (5 good reason),5 (5 good reason),,,,"CBNS106, CBNS116",Week 2,Week 9,Week 4,Week 8,Week 9,Week 9,AI tools,10
2/4/2026 16:33:38,CS010A,Freshman,No,CEN or EE major,3.33 – 3.67,18,Hispanic or Latino,Male,Second Generation Student,4-5 hours,5,3 (3),4,5,3,5,3,1,Ladder Logic Programming,4 (Good reason),4 (Good reason),5 (5 good reason),5 (5 good reason),5 (5 good reason),2 (5 small reason),5 (5 good reason),5 (5 good reason),CS010A,EE010,,,Week 8,Week 5,Week 5,Week 1,Week 5,Week 8,"Office hours, AI tools, Study groups, Personal tutoring",7
2/4/2026 16:42:45,CS111,Senior,No,CS major,3.67 – 4.0,20,Asian,Female,"Second Generation Student, International Student",8+ hours,5,3 (3),4,4,2,4,5,3,HTML & CSS,1 (Not a good reason),1 (Not a good reason),5 (5 good reason),1 (Not a good reason),2 (5 small reason),1 (Not a good reason),5 (5 good reason),5 (5 good reason),CS100,,,,Week 1,Week 1,Week 3,Week 8,Week 9,Week 1,"Slack communication, Study groups",10
2/4/2026 16:44:06,CS010A,Freshman,No,CEN or EE major,3.67 – 4.0,18,Hispanic or Latino,Female,First Generation Student,4-5 hours,4,Agree (4),4,4,2,3,3,1,,5 (5 good reason),4 (Good reason),3 (Moderate reason),2 (5 small reason),4 (Good reason),5 (5 good reason),3 (Moderate reason),4 (Good reason),,EE010,,,Week 5,Week 4,Week 4,Week 3,Week 8,Week 1,"AI tools, Personal tutoring",4
2/4/2026 17:06:28,CS111,Junior,No,CEN or EE major,3.67 – 4.0,19,"Asian, Hispanic or Latino",Female,Other,8-9 hours,3,Agree (4),3,3,3,4,4,2,Python,4 (Good reason),4 (Good reason),4 (Good reason),1 (Not a good reason),4 (Good reason),1 (Not a good reason),4 (Good reason),4 (Good reason),N/A,N/A,N/A,N/A,Week 4,N/A,Week 4,Week 9,Week 5,Week 1,N/A,9
2/4/2026 17:15:20,CS010A,Freshman,No,CS major,Prefer not to say,18,Asian,Male,Second Generation Student,4-5 hours,3,Disagree (2),5,5,3,3,5,1,Java,3 (Moderate reason),4 (Good reason),3 (Moderate reason),3 (Moderate reason),3 (Moderate reason),1 (Not a good reason),1 (Not a good reason),1 (Not a good reason),CS010A,,,,Week 7,Week 8,Week 4,Week 8,Week 8,Week 1,Study groups,8
2/4/2026 17:23:22,CS010A,Freshman,No,Data Science major,2.67 – 3.0,19,White,Trans-gender,Other,6-7 hours,5,Strongly Disagree (1),4,4,2,5,3,2,HTML & CSS,2 (5 small reason),3 (Moderate reason),4 (Good reason),3 (Moderate reason),5 (5 good reason),5 (5 good reason),5 (5 good reason),3 (Moderate reason),N/A,N/A,N/A,N/A,Week 3,Week 4,Week 4,Week 7,Week 8,Week 1,N/A,2
2/4/2026 17:28:10,CS111,Sophomore,No,CS major,3.67 – 4.0,19,Asian,Male,Second Generation Student,4-5 hours,4,3 (3),2,3,2,5,5,2,Java,1 (Not a good reason),3 (Moderate reason),5 (5 good reason),3 (Moderate reason),3 (Moderate reason),1 (Not a good reason),3 (Moderate reason),5 (5 good reason),"CS010C, CS100",,,,Week 8,Week 2,Week 3,Week 8,Week 8,Week 8,"AI tools, Slack communication, Study groups",10
2/4/2026 17:34:46,CS010A,Freshman,No,Robotics Engineering ,2.67 – 3.0,18,"Hispanic or Latino, Black",Male,First Generation Student,6-7 hours,1,Agree (4),5,5,1,4,4,4,HTML & CSS,4 (Good reason),5 (5 good reason),5 (5 good reason),5 (5 good reason),4 (Good reason),3 (Moderate reason),4 (Good reason),3 (Moderate reason),CS010A,,,,Week 3,Week 1,Week 3,Week 1,Week 8,Week 1,"Office hours, AI tools, Personal tutoring",10
2/4/2026 17:49:20,CS010A,Freshman,No,Data Science major,3.33 – 3.67,18,Hispanic or Latino,Male,First Generation Student,8-9 hours,3,Agree (4),4,4,2,3,4,1,C++/C,3 (Moderate reason),3 (Moderate reason),4 (Good reason),2 (5 small reason),2 (5 small reason),3 (Moderate reason),3 (Moderate reason),3 (Moderate reason),CS105,,,,Week 7,N/A,Week 5,Week 8,Week 8,Week 1,"AI tools, Study groups",7
2/4/2026 18:46:06,CS111,Junior,Yes,Data Science major,2.67 – 3.0,22,Hispanic or Latino,Male,First Generation Student,Less than 4,4,Disagree (2),4,4,3,4,4,2,C++/C,3 (Moderate reason),4 (Good reason),5 (5 good reason),5 (5 good reason),4 (Good reason),3 (Moderate reason),5 (5 good reason),5 (5 good reason),"CS100, CS111",,STAT156B,,Week 5,Week 5,Week 4,Week 5,Week 5,Week 1,"Office hours, Slack communication, Study groups, ULA services",7
2/4/2026 18:47:26,CS111,Sophomore,No,CS major,3.33 – 3.67,19,Asian,Male,Second Generation Student,Less than 4,2,Strongly Agree (5),4,3,2,2,4,2,HTML & CSS,2 (5 small reason),1 (Not a good reason),2 (5 small reason),2 (5 small reason),2 (5 small reason),2 (5 small reason),3 (Moderate reason),3 (Moderate reason),CS100,,,,Week 4,Week 4,Week 4,Week 4,Week 8,Week 1,"Office hours, AI tools, Slack communication, Study groups, Personal tutoring, ULA services",6
2/4/2026 19:27:37,CS111,Senior,No,CS major,2.67 – 3.0,20,Hispanic or Latino,Male,First Generation Student,4-5 hours,4,Agree (4),4,4,4,3,3,1,C++/C,2 (5 small reason),3 (Moderate reason),4 (Good reason),3 (Moderate reason),4 (Good reason),3 (Moderate reason),3 (Moderate reason),3 (Moderate reason),N/A,N/A,N/A,N/A,Week 4,Week 5,Week 5,Week 5,Week 7,Week 1,"Office hours, AI tools, Slack communication, ULA services",7
2/4/2026 19:35:49,CS010A,Freshman,No,CEN or EE major,< 1.33,18,Hispanic or Latino,Female,First Generation Student,6-7 hours,3,3 (3),3,3,3,3,3,0,C++/C,3 (Moderate reason),3 (Moderate reason),3 (Moderate reason),3 (Moderate reason),3 (Moderate reason),3 (Moderate reason),3 (Moderate reason),3 (Moderate reason),N/A,N/A,N/A,N/A,Week 1,Week 1,Week 1,Week 1,Week 1,Week 1,"Office hours, Slack communication",4
2/4/2026 19:37:22,CS111,Senior,No,CS major,2.67 – 3.0,21,Hispanic or Latino,Male,First Generation Student,Less than 4,5,Strongly Disagree (1),2,4,1,4,3,1,C++/C,4 (Good reason),5 (5 good reason),5 (5 good reason),2 (5 small reason),5 (5 good reason),5 (5 good reason),5 (5 good reason),2 (5 small reason),CS010C,,,,Week 5,Week 5,Week 5,Week 1,Week 8,Week 1,"Slack communication, Study groups",9
2/4/2026 19:56:33,CS010A,Junior,No,Mechanical Engineering going to math,2.33 – 2.67,21,Hispanic or Latino,Male,First Generation Student,4-5 hours,4,3 (3),2,3,2,4,5,1,Python,2 (5 small reason),3 (Moderate reason),4 (Good reason),4 (Good reason),4 (Good reason),5 (5 good reason),5 (5 good reason),3 (Moderate reason),N/A,N/A,N/A,N/A,Week 8,Week 9,Week 8,Week 6,Week 9,Week 1,"Office hours, AI tools, Slack communication, Study groups",10
2/4/2026 20:00:20,CS010A,Freshman,No,CEN or EE major,Prefer not to say,18,Prefer not to say,Male,First Generation Student,Less than 4,3,3 (3),4,4,4,4,3,1,C++/C,3 (Moderate reason),3 (Moderate reason),3 (Moderate reason),3 (Moderate reason),3 (Moderate reason),3 (Moderate reason),3 (Moderate reason),3 (Moderate reason),N/A,N/A,N/A,N/A,Week 8,Week 8,Week 8,Week 8,Week 8,Week 8,"AI tools, Study groups",8
2/4/2026 20:02:28,CS010A,Freshman,No,Robotics,Prefer not to say,19,Hispanic or Latino,Male,First Generation Student,4-5 hours,3,3 (3),3,3,3,3,3,0,HTML & CSS,4 (Good reason),2 (5 small reason),4 (Good reason),3 (Moderate reason),4 (Good reason),2 (5 small reason),5 (5 good reason),3 (Moderate reason),,ME009,,,Week 3,Week 3,Week 4,Week 5,Week 5,Week 9,Personal tutoring,6
2/4/2026 20:04:11,CS111,Junior,No,CS major,Prefer not to say,20,Asian,Female,First Generation Student,4-5 hours,5,Disagree (2),3,3,4,4,4,4,Python,5 (5 good reason),5 (5 good reason),5 (5 good reason),2 (5 small reason),5 (5 good reason),5 (5 good reason),5 (5 good reason),5 (5 good reason),CS010C,,,,Week 5,Week 5,Week 5,Week 1,Week 5,Week 1,"Slack communication, Study groups",10
2/4/2026 20:17:28,CS105,Freshman,No,Robotics major,3.0 – 3.33,18,Hispanic or Latino,Male,First Generation Student,6-7 hours,2,Agree (4),4,3,2,3,4,0,Python,2 (5 small reason),5 (5 good reason),5 (5 good reason),4 (Good reason),5 (5 good reason),3 (Moderate reason),4 (Good reason),5 (5 good reason),CS010A,,,MATH006,Week 9,Week 9,Week 5,Week 9,Week 9,Week 1,"Office hours, Study groups, Personal tutoring",1
2/4/2026 20:31:24,CS111,Junior,Yes,CS major,2.0 – 2.33,21,Asian,Female,"Other, International Student",4-5 hours,4,3 (3),3,3,3,4,2,1,C++/C,5 (5 good reason),5 (5 good reason),5 (5 good reason),5 (5 good reason),5 (5 good reason),5 (5 good reason),5 (5 good reason),5 (5 good reason),,,,N/A,Week 5,Week 5,Week 5,Week 6,Week 5,Week 1,"Office hours, AI tools, Study groups, Personal tutoring, ULA services",6
2/4/2026 20:41:35,CS111,Junior,Yes,CS major,3.67 – 4.0,30,Asian,Male,First Generation Student,Less than 4,5,Strongly Disagree (1),4,2,2,2,3,0,Java,2 (5 small reason),5 (5 good reason),5 (5 good reason),5 (5 good reason),5 (5 good reason),1 (Not a good reason),2 (5 small reason),2 (5 small reason),,,,N/A,Week 3,Week 3,Week 4,Week 1,Week 9,Week 1,AI tools,10
2/4/2026 20:56:40,CS010A,Freshman,No,CEN or EE major,3.0 – 3.33,18,Asian,Male,Other,Less than 4,5,Strongly Disagree (1),4,3,2,4,4,0,C++/C,3 (Moderate reason),4 (Good reason),5 (5 good reason),3 (Moderate reason),4 (Good reason),5 (5 good reason),5 (5 good reason),5 (5 good reason),,,,ENGR101,Week 4,Week 4,Week 3,Week 1,Week 9,Week 1,AI tools,10
2/4/2026 21:21:02,CS010A,Sophomore,No,Biophysics ,3.33 – 3.67,19,"Asian, White",Non-binary,Other,4-5 hours,4,Strongly Agree (5),2,2,1,1,4,0,C++/C,2 (5 small reason),1 (Not a good reason),5 (5 good reason),3 (Moderate reason),3 (Moderate reason),1 (Not a good reason),5 (5 good reason),3 (Moderate reason),CS10A,,,,Week 2,Week 1,Week 4,Week 5,Week 4,Week 9,"Office hours, AI tools, Personal tutoring",2
2/4/2026 21:38:33,CS010A,Sophomore,No,Physics + English,Prefer not to say,18,Hispanic or Latino,Female,First Generation Student,Less than 4,4,3 (3),3,2,2,5,4,2,Python,3 (Moderate reason),4 (Good reason),4 (Good reason),4 (Good reason),4 (Good reason),5 (5 good reason),4 (Good reason),3 (Moderate reason),CS010A,,,"PHYS041A, MATH009A",Week 5,Week 3,Week 5,Week 8,Week 7,Week 9,"Office hours, AI tools, Study groups",1
2/4/2026 21:40:00,CS010A,Sophomore,Yes,Mathematics major,3.0 – 3.33,22,Hispanic or Latino,Male,First Generation Student,6-7 hours,4,Agree (4),4,4,1,4,4,0,C++/C,2 (5 small reason),5 (5 good reason),5 (5 good reason),2 (5 small reason),5 (5 good reason),4 (Good reason),5 (5 good reason),3 (Moderate reason),,,,MATH031,Week 4,Week 3,Week 4,Week 6,Week 9,Week 9,,1
2/4/2026 21:42:03,CS111,Senior,No,Robotics,2.33 – 2.67,25,"Asian, Hispanic or Latino",Male,Second Generation Student,Less than 4,4,Disagree (2),2,3,2,3,3,1,C++/C,3 (Moderate reason),5 (5 good reason),4 (Good reason),4 (Good reason),5 (5 good reason),4 (Good reason),4 (Good reason),3 (Moderate reason),CS120B,,,,Week 1,Week 1,Week 2,Week 4,Week 5,Week 4,"Office hours, AI tools",6
2/4/2026 21:47:56,CS010A,Junior,No,Mathematics major,Prefer not to say,20,Prefer not to say,Prefer not to say,First Generation Student,4-5 hours,4,Strongly Disagree (1),4,4,2,4,3,2,Python,2 (5 small reason),2 (5 small reason),4 (Good reason),5 (5 good reason),3 (Moderate reason),2 (5 small reason),5 (5 good reason),3 (Moderate reason),N/A,N/A,N/A,N/A,Week 6,Week 4,Week 5,Week 8,Week 8,Week 8,"Office hours, Study groups, Personal tutoring",1
2/4/2026 21:53:02,CS111,Senior,Yes,CS major,3.33 – 3.67,24,Asian,Male,Second Generation Student,4-5 hours,4,3 (3),2,2,4,3,3,1,ROBOTC,1 (Not a good reason),1 (Not a good reason),5 (5 good reason),1 (Not a good reason),2 (5 small reason),2 (5 small reason),1 (Not a good reason),1 (Not a good reason),CS100,,,,Week 4,Week 4,Week 4,Week 6,Week 8,Week 1,AI tools,10
2/4/2026 22:12:12,CS105,Junior,No,Data Science major,3.33 – 3.67,19,Asian,Female,First Generation Student,4-5 hours,5,Disagree (2),3,4,1,5,5,2,Python,5 (5 good reason),5 (5 good reason),5 (5 good reason),3 (Moderate reason),5 (5 good reason),4 (Good reason),3 (Moderate reason),4 (Good reason),"CS105, CS09A, CS090B, CS10C, CS100",,,"CS105, CS9A/B, CS10C, CS100",Week 4,Week 4,Week 3,Week 1,Week 9,Week 1,"Office hours, AI tools, Slack communication",7
2/4/2026 22:25:41,CS010A,Freshman,No,CEN or EE major,3.0 – 3.33,18,Hispanic or Latino,Male,First Generation Student,4-5 hours,5,3 (3),3,4,3,4,4,0,C++/C,1 (Not a good reason),1 (Not a good reason),1 (Not a good reason),1 (Not a good reason),5 (5 good reason),5 (5 good reason),1 (Not a good reason),1 (Not a good reason),,EE010,,,Week 4,Week 4,Week 5,Week 8,Week 9,Week 1,Study groups,1
2/4/2026 22:38:56,CS111,Junior,Yes,CEN or EE major,3.67 – 4.0,20,Hispanic or Latino,Male,First Generation Student,6-7 hours,5,3 (3),4,2,2,4,5,2,Python,5 (5 good reason),3 (Moderate reason),4 (Good reason),3 (Moderate reason),4 (Good reason),5 (5 good reason),5 (5 good reason),4 (Good reason),"CS061,CS100",,,PHYS040C,Week 3,Week 3,Week 2,Week 1,Week 9,Week 1,"AI tools, ULA services",9
2/4/2026 22:41:32,CS010A,Freshman,No,CEN or EE major,3.33 – 3.67,18,Jewish,Male,Second Generation Student,4-5 hours,4,3 (3),4,4,4,4,3,1,C++/C,5 (5 good reason),5 (5 good reason),5 (5 good reason),3 (Moderate reason),4 (Good reason),4 (Good reason),4 (Good reason),4 (Good reason),CS010C,,,,Week 5,Week 1,Week 3,Week 1,Week 7,Week 1,AI tools,7
2/4/2026 22:53:36,CS105,Graduate,Yes,CS major,3.0 – 3.33,29,Asian,Male,First Generation Student,6-7 hours,3,3 (3),3,4,4,3,3,2,Python,4 (Good reason),4 (Good reason),3 (Moderate reason),3 (Moderate reason),4 (Good reason),4 (Good reason),4 (Good reason),4 (Good reason),N/A,N/A,N/A,N/A,Week 6,Week 6,Week 9,Week 8,Week 9,Week 1,"AI tools, Slack communication, Study groups",8
2/4/2026 22:57:18,CS010A,Freshman,No,CEN or EE major,Prefer not to say,18,Asian,Male,"First Generation Student, International Student",4-5 hours,4,3 (3),3,1,1,4,5,3,Java,3 (Moderate reason),3 (Moderate reason),5 (5 good reason),3 (Moderate reason),2 (5 small reason),3 (Moderate reason),4 (Good reason),2 (5 small reason),N/A,N/A,N/A,N/A,Week 5,Week 3,Week 3,Week 5,Week 5,Week 5,"Office hours, Personal tutoring",10
2/4/2026 22:57:49,CS111,Sophomore,No,CS major,3.0 – 3.33,21,Asian,Female,International Student,Less than 4,4,3 (3),3,3,3,3,4,,Python,3 (Moderate reason),3 (Moderate reason),3 (Moderate reason),3 (Moderate reason),3 (Moderate reason),3 (Moderate reason),3 (Moderate reason),3 (Moderate reason),CS100,,,,Week 5,Week 9,Week 1,Week 2,Week 8,Week 3,Slack communication,4
2/4/2026 23:05:38,CS010A,Senior,Yes,Mathematics major,3.67 – 4.0,21,"White, Hispanic or Latino",Male,Second Generation Student,4-5 hours,3,Strongly Agree (5),5,5,1,3,5,0,C++/C,5 (5 good reason),3 (Moderate reason),5 (5 good reason),3 (Moderate reason),4 (Good reason),1 (Not a good reason),5 (5 good reason),5 (5 good reason),,,,"MATH131, MATH132, MATH171",Week 7,Week 3,Week 6,Week 8,Week 9,Week 3,Office hours,1
2/4/2026 23:06:22,CS010A,Sophomore,No,Mathematics major,3.67 – 4.0,18,Asian,Female,First Generation Student,6-7 hours,4,Disagree (2),4,4,2,3,4,0,C++/C,1 (Not a good reason),2 (5 small reason),3 (Moderate reason),3 (Moderate reason),4 (Good reason),3 (Moderate reason),4 (Good reason),3 (Moderate reason),N/A,N/A,N/A,N/A,Week 2,Week 3,Week 1,Week 4,Week 3,Week 9,AI tools,1
2/4/2026 23:08:22,CS111,Sophomore,No,Mathematics major,3.33 – 3.67,19,White,Female,Other,8-9 hours,4,Disagree (2),2,4,2,4,4,2,Python,4 (Good reason),4 (Good reason),4 (Good reason),3 (Moderate reason),3 (Moderate reason),3 (Moderate reason),5 (5 good reason),4 (Good reason),CS010C,,,,Week 3,Week 5,Week 4,Week 2,Week 6,Week 1,Study groups,9
2/4/2026 23:22:12,CS111,Junior,No,CS or DS minor,3.67 – 4.0,20,White,Male,First Generation,8-9 hours,2,Strongly Agree (5),4,4,2,4,5,3,C++/C,3 (Moderate reason),4 (Good reason),5 (5 good reason),1 (Not a good reason),4 (Good reason),2 (5 small reason),5 (5 good reason),4 (Good reason),CS111,,,,Week 7,Week 9,Week 8,Week 3,Week 9,Week 6,Office hours,10
2/4/2026 23:29:18,CS010A,Freshman,No,CEN or EE major,2.67 – 3.0,18,Asian,Male,First Generation Student,6-7 hours,3,Agree (4),4,3,2,3,4,0,C++/C,4 (Good reason),3 (Moderate reason),4 (Good reason),3 (Moderate reason),3 (Moderate reason),2 (5 small reason),3 (Moderate reason),4 (Good reason),N/A,N/A,N/A,N/A,Week 1,Week 1,Week 1,Week 1,Week 1,Week 1,AI tools,8
2/4/2026 23:35:54,CS010A,Freshman,No,Bioengineering ,1.67 – 2.0,19,White,Female,Other,4-5 hours,5,Agree (4),3,4,4,4,3,0,None,1 (Not a good reason),2 (5 small reason),4 (Good reason),4 (Good reason),4 (Good reason),4 (Good reason),5 (5 good reason),4 (Good reason),CS010A,,,,Week 9,Week 4,Week 7,Week 3,Week 8,Week 1,"Office hours, AI tools, Study groups",2
2/4/2026 23:50:01,CS111,Junior,No,CSBA major,3.33 – 3.67,19,Asian,Female,Other,4-5 hours,5,3 (3),4,4,2,4,4,2,Java,1 (Not a good reason),3 (Moderate reason),3 (Moderate reason),3 (Moderate reason),2 (5 small reason),2 (5 small reason),5 (5 good reason),3 (Moderate reason),"CS110, CS100",,,,Week 3,Week 3,Week 6,Week 4,Week 9,Week 1,"Office hours, Study groups, ULA services",9
2/4/2026 23:58:08,CS010A,Sophomore,No,Physics,Prefer not to say,20,Black,Male,Other,4-5 hours,3,3 (3),3,3,3,3,3,0,C++/C,3 (Moderate reason),3 (Moderate reason),3 (Moderate reason),3 (Moderate reason),3 (Moderate reason),3 (Moderate reason),3 (Moderate reason),3 (Moderate reason),N/A,N/A,N/A,N/A,Week 5,Week 9,Week 8,Week 8,Week 8,Week 7,AI tools,6
2/5/2026 15:38:04,CS010A,Freshman,No,CEN or EE major,3.33 – 3.67,18,Asian,Male,"First Generation Student, International Student",4-5 hours,2,3 (3),4,4,2,2,3,1,C++/C,3 (Moderate reason),4 (Good reason),4 (Good reason),3 (Moderate reason),3 (Moderate reason),5 (5 good reason),5 (5 good reason),4 (Good reason),CS010A,,,,Week 3,Week 5,Week 5,Week 9,Week 5,Week 1,"Office hours, Personal tutoring",5
2/5/2026 17:33:12,CS010A,Freshman,No,CS or DS minor,3.0 – 3.33,18,Asian,Female,Second Generation Student,4-5 hours,3,Agree (4),4,1,2,4,4,,,1 (Not a good reason),1 (Not a good reason),1 (Not a good reason),1 (Not a good reason),1 (Not a good reason),1 (Not a good reason),1 (Not a good reason),1 (Not a good reason),N/A,N/A,N/A,N/A,N/A,N/A,N/A,N/A,N/A,N/A,"Study groups, Personal tutoring",1
2/5/2026 21:49:35,CS105,Sophomore,No,Data Science major,3.33 – 3.67,19,Asian,Female,Second Generation Student,4-5 hours,4,Disagree (2),4,3,2,4,4,0,Python,5 (5 good reason),5 (5 good reason),5 (5 good reason),2 (5 small reason),4 (Good reason),5 (5 good reason),5 (5 good reason),3 (Moderate reason),"CS009A, CS009B, CS009C, CS105",,,,Week 3,Week 2,Week 4,Week 6,Week 9,Week 1,Personal tutoring,4
2/5/2026 23:15:18,CS010A,Freshman,No,CEN or EE major,3.33 – 3.67,18,Hispanic or Latino,Male,First Generation Student,4-5 hours,3,Disagree (2),3,3,3,3,3,0,C++/C,3 (Moderate reason),3 (Moderate reason),5 (5 good reason),3 (Moderate reason),4 (Good reason),3 (Moderate reason),4 (Good reason),3 (Moderate reason),N/A,N/A,N/A,N/A,Week 4,Week 1,Week 4,Week 9,Week 5,Week 1,AI tools,1
2/5/2026 23:46:25,CS105,Senior,No,CS major,2.33 – 2.67,22,Hispanic or Latino,Male,First Generation Student,Less than 4,3,Disagree (2),2,4,1,5,3,3,C++/C,3 (Moderate reason),3 (Moderate reason),4 (Good reason),4 (Good reason),5 (5 good reason),5 (5 good reason),4 (Good reason),5 (5 good reason),"CS100, CS010C, CS171, CS120A",,,,Week 4,Week 2,Week 7,Week 4,Week 8,Week 1,"Office hours, AI tools",10
2/6/2026 10:39:22,CS105,Senior,No,CS major,2.67 – 3.0,22,Hispanic or Latino,Male,Second Generation Student,Less than 4,3,Disagree (2),4,4,4,4,3,3,Python,4 (Good reason),3 (Moderate reason),5 (5 good reason),2 (5 small reason),2 (5 small reason),1 (Not a good reason),4 (Good reason),5 (5 good reason),CS131,,,,Week 5,Week 5,Week 5,Week 2,Week 8,Week 1,Study groups,7
2/6/2026 12:36:52,CS105,Senior,No,CS major,3.33 – 3.67,21,Hispanic or Latino,Male,First Generation Student,6-7 hours,5,Disagree (2),2,2,2,3,4,1,HTML & CSS,2 (5 small reason),4 (Good reason),5 (5 good reason),4 (Good reason),4 (Good reason),3 (Moderate reason),4 (Good reason),4 (Good reason),"CS170, CS141",,,,Week 3,Week 3,Week 3,Week 7,Week 8,Week 1,"Office hours, AI tools, Study groups, ULA services",8
2/6/2026 14:59:09,CS105,Senior,No,CS or DS minor,3.0 – 3.33,21,"Asian, White",Female,First Generation Student,4-5 hours,3,3 (3),3,3,1,4,5,2,Python,1 (Not a good reason),1 (Not a good reason),5 (5 good reason),1 (Not a good reason),1 (Not a good reason),4 (Good reason),5 (5 good reason),5 (5 good reason),"CS105, CS009a, CS009B, CS009C",,,"BUS175, BUS173",Week 9,Week 9,Week 1,Week 3,Week 9,Week 3,"AI tools, Study groups",10
2/7/2026 0:34:02,CS105,Sophomore,No,Data Science major,3.67 – 4.0,19,Hispanic or Latino,Male,First Generation Student,6-7 hours,4,Strongly Agree (5),4,4,3,3,2,,Python,4 (Good reason),5 (5 good reason),5 (5 good reason),5 (5 good reason),5 (5 good reason),2 (5 small reason),5 (5 good reason),5 (5 good reason),N/A,N/A,N/A,N/A,Week 8,Week 8,Week 4,Week 8,Week 5,Week 1,"AI tools, Study groups, ULA services",10
2/7/2026 16:42:22,CS105,Senior,No,CS major,3.0 – 3.33,21,Asian,Male,First Generation Student,8-9 hours,2,Strongly Disagree (1),3,3,1,5,5,2,Javascript,5 (5 good reason),5 (5 good reason),5 (5 good reason),1 (Not a good reason),5 (5 good reason),2 (5 small reason),2 (5 small reason),1 (Not a good reason),"CS100, CS150",,,,Week 9,Week 9,Week 9,Week 9,Week 9,Week 1,AI tools,10